id,title,wards,createdOn,modifiedOn,titleNe,description,cause,verified,verificationMessage,approved,polygon,incidentOn,reportedOn,streetAddress,detail,needFollowup,region,regionId,dataSourceId,dataSource,source,event,hazard,createdBy,updatedBy,point.type,point.coordinates,loss.id,loss.peopleDeathCount,loss.peopleDeathMaleCount,loss.peopleDeathFemaleCount,loss.peopleDeathOtherCount,loss.peopleDeathUnknownCount,loss.peopleDeathDisabledCount,loss.peopleMissingCount,loss.peopleMissingMaleCount,loss.peopleMissingFemaleCount,loss.peopleMissingOtherCount,loss.peopleMissingUnknownCount,loss.peopleMissingDisabledCount,loss.peopleInjuredCount,loss.peopleInjuredMaleCount,loss.peopleInjuredFemaleCount,loss.peopleInjuredOtherCount,loss.peopleInjuredUnknownCount,loss.peopleInjuredDisabledCount,loss.peopleAffectedCount,loss.familyAffectedCount,loss.familyRelocatedCount,loss.familyEvacuatedCount,loss.livestockDestroyedCount,loss.infrastructureDestroyedCount,loss.infrastructureDestroyedHouseCount,loss.infrastructureAffectedHouseCount,loss.infrastructureDestroyedRoadCount,loss.infrastructureAffectedRoadCount,loss.infrastructureDestroyedBridgeCount,loss.infrastructureAffectedBridgeCount,loss.infrastructureDestroyedElectricityCount,loss.infrastructureAffectedElectricityCount,loss.infrastructureEconomicLoss,loss.agricultureEconomicLoss,loss.createdOn,loss.modifiedOn,loss.description,loss.estimatedLoss,snapshot_date
93669,"Flood at Ghatbesi , Gajuri Rural Municipality-5","[{'id': 3176, 'bbox': [84.87503832926116, 27.74290735427872, 84.91804863105283, 27.80856616945733], 'centroid': {'type': 'Point', 'coordinates': [84.8960695493766, 27.77404423957598]}, 'title': '5', 'municipality': 30003}]",2026-08-26T14:33:04.462981+05:45,2026-08-27T14:39:03.778183+05:45,"बाग्मती, धादिङ्ग, गजुरी-५ मा बाढी",,,True,,True,,2026-08-26T00:00:00+05:45,2026-08-26T14:19:17+05:45,Ghatbesi ,,False,,,89640,drr_api,other,,11,,,Point,"[84.89826439, 27.77379547]",476578,0,0,0,0,0,0,0,0,0,0,0,0,0,0,0,0,0,0,0,0,0,0,0,0,0,0,0,0,0,0,0,0,0,0,2026-08-27T14:39:03.770156+05:45,2026-08-27T14:39:03.770164+05:45,,,2026-09-17
93670,"Flood at Jaharekhet , Netrawati Dabjong Rural Municipality-1","[{'id': 3169, 'bbox': [84.92008081618509, 28.00038688991405, 84.99090155856015, 28.03111331476659], 'centroid': {'type': 'Point', 'coordinates': [84.95780011123587, 28.015367956487673]}, 'title': '1', 'municipality': 30008}]",2026-08-26T14:33:04.504534+05:45,2026-08-27T14:39:03.799081+05:45,"बाग्मती, धादिङ्ग, नेत्रावती डबजोङ-१ मा बाढी",,,True,,True,,2026-08-26T00:00:00+05:45,2026-08-26T14:17:43+05:45,Jaharekhet ,,False,,,89639,drr_api,other,,11,,,Point,"[84.94688, 28.00638]",476579,0,0,0,0,0,0,0,0,0,0,0,0,0,0,0,0,0,0,0,0,0,0,0,0,0,0,0,0,0,0,0,0,0,0,2026-08-27T14:39:03.791935+05:45,2026-08-27T14:39:03.791944+05:45,,,2026-09-17
93671,Flood at Netrawati Dabjong Rural Municipality-1,"[{'id': 3169, 'bbox': [84.92008081618509, 28.00038688991405, 84.99090155856015, 28.03111331476659], 'centroid': {'type': 'Point', 'coordinates': [84.95780011123587, 28.015367956487673]}, 'title': '1', 'municipality': 30008}]",2026-08-26T14:33:04.541243+05:45,2026-08-26T14:33:04.541265+05:45,"बाग्मती, धादिङ्ग, नेत्रावती डबजोङ-१ मा बाढी",,,True,,True,,2026-08-26T00:00:00+05:45,2026-08-26T14:16:42+05:45,,,False,,,89638,drr_api,other,,11,,,Point,"[84.94688, 28.00638]",475768,0,0,0,0,0,0,0,0,0,0,0,0,0,0,0,0,0,0,0,0,0,0,0,0,0,0,0,0,0,0,0,0,0,0,2026-08-26T14:33:04.520146+05:45,2026-08-26T14:33:04.520158+05:45,,,2026-09-17
93672,"Flood at Phurkekhola , Netrawati Dabjong Rural Municipality-1","[{'id': 3169, 'bbox': [84.92008081618509, 28.00038688991405, 84.99090155856015, 28.03111331476659], 'centroid': {'type': 'Point', 'coordinates': [84.95780011123587, 28.015367956487673]}, 'title': '1', 'municipality': 30008}]",2026-08-26T14:45:04.557060+05:45,2026-08-26T14:45:04.557072+05:45,"बाग्मती, धादिङ्ग, नेत्रावती डबजोङ-१ मा बाढी",,,True,,True,,2026-08-26T00:00:00+05:45,2026-08-26T14:21:47+05:45,Phurkekhola ,,False,,,89641,drr_api,other,,11,,,Point,"[84.94688, 28.00638]",475779,0,0,0,0,0,0,0,0,0,0,0,0,0,0,0,0,0,0,0,0,0,0,0,0,0,0,0,0,0,0,0,0,0,0,2026-08-26T14:45:04.511462+05:45,2026-08-26T14:45:04.511486+05:45,,,2026-09-17
93684,"Flood at Belkhu , Gajuri Rural Municipality-7","[{'id': 3137, 'bbox': [84.91294139760575, 27.74325341405878, 84.96270753271872, 27.78747471335967], 'centroid': {'type': 'Point', 'coordinates': [84.93318105973508, 27.761849135408617]}, 'title': '7', 'municipality': 30003}]",2026-08-26T15:45:05.051520+05:45,2026-08-27T15:39:04.557026+05:45,"बाग्मती, धादिङ्ग, गजुरी-७ मा बाढी",,,True,,True,,2026-08-26T00:00:00+05:45,2026-08-26T15:16:10+05:45,Belkhu ,,False,,,89643,drr_api,other,,11,,,Point,"[84.92358013, 27.77749892]",476582,0,0,0,0,0,0,0,0,0,0,0,0,2,1,1,0,0,0,0,1,0,0,0,0,0,0,0,0,0,0,0,0,0,0,2026-08-27T15:39:04.549426+05:45,2026-08-27T15:39:04.549435+05:45,,,2026-09-17
93699,"Flood at Buttar , Dharche Rural Municipality-5","[{'id': 3363, 'bbox': [84.77574082473872, 28.16370382073421, 84.87698766588964, 28.34008661172662], 'centroid': {'type': 'Point', 'coordinates': [84.80557366982208, 28.251908499001544]}, 'title': '5', 'municipality': 36005}]",2026-08-27T16:33:04.137381+05:45,2026-08-27T16:33:04.137397+05:45,"गण्डकी, गोरखा, धार्चे-५ मा बाढी",,,True,,True,,2026-08-26T00:00:00+05:45,2026-08-27T16:20:15+05:45,Buttar ,,False,,,89672,drr_api,other,,11,,,Point,"[84.8101, 28.27345]",476583,0,0,0,0,0,0,0,0,0,0,0,0,0,0,0,0,0,0,0,2,0,0,0,0,0,0,0,0,0,0,0,0,0,0,2026-08-27T16:33:04.080577+05:45,2026-08-27T16:33:04.080595+05:45,,,2026-09-17
93705,Flood at Lo Ghekar Damodarkunda Rural Municipality-5,"[{'id': 5092, 'bbox': [83.82776198734943, 28.83911884569794, 84.24182968493622, 29.07241450071645], 'centroid': {'type': 'Point', 'coordinates': [84.04426129242475, 28.95110920134865]}, 'title': '5', 'municipality': 42002}]",2026-08-27T16:45:04.899569+05:45,2026-08-27T16:45:04.899580+05:45,"गण्डकी, मुस्ताङ्ग, लो-घेकर दामोदरकुण्ड-५ मा बाढी",,,True,,True,,2026-08-27T00:00:00+05:45,2026-08-27T16:30:44+05:45,,,False,,,89678,drr_api,other,,11,,,Point,"[83.86811, 28.9548]",476589,0,0,0,0,0,0,0,0,0,0,0,0,0,0,0,0,0,0,0,0,0,0,0,0,0,0,0,0,0,0,0,0,0,0,2026-08-27T16:45:04.851655+05:45,2026-08-27T16:45:04.851669+05:45,,,2026-09-17
93714,Flood at Alital Rural Municipality-3,"[{'id': 6587, 'bbox': [80.42978266746778, 29.12482712483425, 80.53868024424379, 29.23661865153686], 'centroid': {'type': 'Point', 'coordinates': [80.47788656948356, 29.175760693633613]}, 'title': '3', 'municipality': 73002}]",2026-08-27T18:17:03.742987+05:45,2026-08-27T18:17:03.742998+05:45,"सुदुरपश्चिम, डडेल्धुरा, आलिताल-३ मा बाढी",,,True,,True,,2026-08-27T00:00:00+05:45,2026-08-27T17:49:44+05:45,,,False,,,89683,drr_api,other,,11,,,Point,"[80.48616, 29.20864]",476598,0,0,0,0,0,0,0,0,0,0,0,0,0,0,0,0,0,0,0,0,0,0,0,0,0,0,0,0,0,0,0,0,0,0,2026-08-27T18:17:03.717384+05:45,2026-08-27T18:17:03.717392+05:45,,,2026-09-17
93760,Flood at Pokhara Metropolitan City-17,"[{'id': 3890, 'bbox': [83.94390382044966, 28.16061892302281, 84.01057756932192, 28.20169955922409], 'centroid': {'type': 'Point', 'coordinates': [83.973921965584, 28.184376770452626]}, 'title': '17', 'municipality': 40004}]",2026-08-29T12:01:04.079237+05:45,2026-08-29T12:01:04.079247+05:45,"गण्डकी, कास्की, पोखरा-१७ मा बाढी",,,True,,True,,2026-08-28T00:00:00+05:45,2026-08-29T11:42:50+05:45,,,False,,,89739,drr_api,other,,11,,,Point,"[83.97600375, 28.18418197]",476782,0,0,0,0,0,0,0,0,0,0,0,0,1,0,1,0,0,0,0,1,0,0,0,0,0,0,0,0,0,0,0,0,0,0,2026-08-29T12:01:04.044774+05:45,2026-08-29T12:01:04.044784+05:45,,,2026-09-17
93763,Flood at Triyuga Municipality-10,"[{'id': 2776, 'bbox': [86.68803382191057, 26.7886606276265, 86.70714380564591, 26.83575928560749], 'centroid': {'type': 'Point', 'coordinates': [86.69771634681865, 26.807059002203445]}, 'title': '10', 'municipality': 14007}]",2026-08-29T12:01:04.219800+05:45,2026-08-29T12:01:04.219808+05:45,"कोशी, उदयपुर, त्रियुगा-१० मा बाढी",,,True,,True,,2026-08-27T00:00:00+05:45,2026-08-29T11:38:14+05:45,,,False,,,89736,drr_api,other,,11,,,Point,"[86.70012774, 26.80669592]",476785,0,0,0,0,0,0,0,0,0,0,0,0,0,0,0,0,0,0,0,1,0,0,0,0,0,0,0,0,0,0,0,0,0,0,2026-08-29T12:01:04.191948+05:45,2026-08-29T12:01:04.191956+05:45,,,2026-09-17
93764,Flood at Triyuga Municipality-10,"[{'id': 2776, 'bbox': [86.68803382191057, 26.7886606276265, 86.70714380564591, 26.83575928560749], 'centroid': {'type': 'Point', 'coordinates': [86.69771634681865, 26.807059002203445]}, 'title': '10', 'municipality': 14007}]",2026-08-29T12:01:04.269677+05:45,2026-08-29T12:01:04.269686+05:45,"कोशी, उदयपुर, त्रियुगा-१० मा बाढी",,,True,,True,,2026-08-27T00:00:00+05:45,2026-08-29T11:38:08+05:45,,,False,,,89735,drr_api,other,,11,,,Point,"[86.70012774, 26.80669592]",476786,0,0,0,0,0,0,0,0,0,0,0,0,0,0,0,0,0,0,0,1,0,0,0,0,0,0,0,0,0,0,0,0,0,0,2026-08-29T12:01:04.238894+05:45,2026-08-29T12:01:04.238901+05:45,,,2026-09-17
93765,Flood at Barahtal Rural Municipality-8,"[{'id': 2620, 'bbox': [81.45289761945138, 28.59842688603704, 81.56253372091385, 28.72631796477001], 'centroid': {'type': 'Point', 'coordinates': [81.51030653069022, 28.680430957031547]}, 'title': '8', 'municipality': 59001}]",2026-08-29T12:01:04.320054+05:45,2026-08-29T12:01:04.320062+05:45,"कर्णाली, सुर्खेत, बराहताल-८ मा बाढी",,,True,,True,,2026-08-28T00:00:00+05:45,2026-08-29T11:36:51+05:45,,,False,,,89734,drr_api,other,,11,,,Point,"[81.50876, 28.65047]",476787,0,0,0,0,0,0,0,0,0,0,0,0,1,1,0,0,0,0,0,1,0,0,0,0,0,0,0,0,0,0,0,0,0,0,2026-08-29T12:01:04.286804+05:45,2026-08-29T12:01:04.286812+05:45,,,2026-09-17
93782,Flood at Molung Rural Municipality-1,"[{'id': 1173, 'bbox': [86.43498058310864, 27.29580946231011, 86.4844930714219, 27.34125429273922], 'centroid': {'type': 'Point', 'coordinates': [86.45699531522045, 27.323369382770156]}, 'title': '1', 'municipality': 12006}]",2026-08-30T08:33:04.276517+05:45,2026-08-30T08:33:04.276527+05:45,"कोशी, ओखलढुङ्गा, मोलुङ-१ मा बाढी",,,True,,True,,2026-08-29T00:00:00+05:45,2026-08-30T08:11:32+05:45,,,False,,,89756,drr_api,other,,11,,,Point,"[86.44629, 27.33592]",476898,0,0,0,0,0,0,0,0,0,0,0,0,0,0,0,0,0,0,0,0,0,0,0,0,0,0,0,0,0,0,0,0,0,0,2026-08-30T08:33:04.253409+05:45,2026-08-30T08:33:04.253418+05:45,,,2026-09-17
93811,Flood at Dharche Rural Municipality-5,"[{'id': 3363, 'bbox': [84.77574082473872, 28.16370382073421, 84.87698766588964, 28.34008661172662], 'centroid': {'type': 'Point', 'coordinates': [84.80557366982208, 28.251908499001544]}, 'title': '5', 'municipality': 36005}]",2026-08-30T16:01:03.943810+05:45,2026-08-31T16:21:04.415712+05:45,"गण्डकी, गोरखा, धार्चे-५ मा जनावर आक्रमण",,,True,,True,,2026-08-30T00:00:00+05:45,2026-08-30T15:44:19+05:45,,,False,,,89789,drr_api,other,,11,,,Point,"[84.8101, 28.27345]",477460,0,0,0,0,0,0,0,0,0,0,0,0,0,0,0,0,0,0,0,1,0,0,0,0,0,0,0,0,0,0,0,0,0,0,2026-08-31T16:21:04.406758+05:45,2026-08-31T16:21:04.406767+05:45,,,2026-09-17
93814,Flood at Netrawati Dabjong Rural Municipality-1,"[{'id': 3169, 'bbox': [84.92008081618509, 28.00038688991405, 84.99090155856015, 28.03111331476659], 'centroid': {'type': 'Point', 'coordinates': [84.95780011123587, 28.015367956487673]}, 'title': '1', 'municipality': 30008}]",2026-08-30T16:01:04.073682+05:45,2026-08-30T16:01:04.073692+05:45,"बाग्मती, धादिङ्ग, नेत्रावती डबजोङ-१ मा बाढी",,,True,,True,,2026-08-30T00:00:00+05:45,2026-08-30T15:40:30+05:45,,,False,,,89786,drr_api,other,,11,,,Point,"[84.94688, 28.00638]",476969,0,0,0,0,0,0,0,0,0,0,0,0,0,0,0,0,0,0,0,0,0,0,0,0,0,0,0,0,0,0,0,0,0,0,2026-08-30T16:01:04.053010+05:45,2026-08-30T16:01:04.053019+05:45,,,2026-09-17
93815,Flood at Netrawati Dabjong Rural Municipality-1,"[{'id': 3169, 'bbox': [84.92008081618509, 28.00038688991405, 84.99090155856015, 28.03111331476659], 'centroid': {'type': 'Point', 'coordinates': [84.95780011123587, 28.015367956487673]}, 'title': '1', 'municipality': 30008}]",2026-08-30T16:01:04.109615+05:45,2026-08-30T16:01:04.109626+05:45,"बाग्मती, धादिङ्ग, नेत्रावती डबजोङ-१ मा बाढी",,,True,,True,,2026-08-30T00:00:00+05:45,2026-08-30T15:36:48+05:45,,,False,,,89785,drr_api,other,,11,,,Point,"[84.94688, 28.00638]",476970,0,0,0,0,0,0,0,0,0,0,0,0,0,0,0,0,0,0,0,0,0,0,0,0,0,0,0,0,0,0,0,0,0,0,2026-08-30T16:01:04.088771+05:45,2026-08-30T16:01:04.088782+05:45,,,2026-09-17
93816,"Flood at Ghyalchowk , Netrawati Dabjong Rural Municipality-1","[{'id': 3169, 'bbox': [84.92008081618509, 28.00038688991405, 84.99090155856015, 28.03111331476659], 'centroid': {'type': 'Point', 'coordinates': [84.95780011123587, 28.015367956487673]}, 'title': '1', 'municipality': 30008}]",2026-08-30T16:01:04.144815+05:45,2026-08-30T16:01:04.144826+05:45,"बाग्मती, धादिङ्ग, नेत्रावती डबजोङ-१ मा बाढी",,,True,,True,,2026-08-30T00:00:00+05:45,2026-08-30T15:34:42+05:45,Ghyalchowk ,,False,,,89784,drr_api,other,,11,,,Point,"[84.94688, 28.00638]",476971,0,0,0,0,0,0,0,0,0,0,0,0,0,0,0,0,0,0,0,0,0,0,0,0,0,0,0,0,0,0,0,0,0,0,2026-08-30T16:01:04.124365+05:45,2026-08-30T16:01:04.124375+05:45,,,2026-09-17
93823,Flood at Netrawati Dabjong Rural Municipality-1,"[{'id': 3169, 'bbox': [84.92008081618509, 28.00038688991405, 84.99090155856015, 28.03111331476659], 'centroid': {'type': 'Point', 'coordinates': [84.95780011123587, 28.015367956487673]}, 'title': '1', 'municipality': 30008}]",2026-08-30T16:33:03.785766+05:45,2026-08-30T16:33:03.785777+05:45,"बाग्मती, धादिङ्ग, नेत्रावती डबजोङ-१ मा बाढी",,,True,,True,,2026-08-30T00:00:00+05:45,2026-08-30T16:07:18+05:45,,,False,,,89793,drr_api,other,,11,,,Point,"[84.94688, 28.00638]",476981,0,0,0,0,0,0,0,0,0,0,0,0,0,0,0,0,0,0,0,9,0,0,0,0,0,0,0,0,0,0,0,0,0,0,2026-08-30T16:33:03.760327+05:45,2026-08-30T16:33:03.760341+05:45,,,2026-09-17
93829,Flood at Narpa Bhoomi Rural Municipality-3,"[{'id': 1040, 'bbox': [84.02188726481198, 28.67682199791405, 84.24913767809474, 28.88897443460463], 'centroid': {'type': 'Point', 'coordinates': [84.12746892225789, 28.775870947026068]}, 'title': '3', 'municipality': 41002}]",2026-08-30T17:01:03.970555+05:45,2026-08-30T17:01:03.970567+05:45,"गण्डकी, मनाङ्ग, नार्पा भूमि-३ मा बाढी",,,True,,True,,2026-08-30T00:00:00+05:45,2026-08-30T16:42:55+05:45,,,False,,,89799,drr_api,other,,11,,,Point,"[84.18079, 28.67916]",476991,0,0,0,0,0,0,0,0,0,0,0,0,0,0,0,0,0,0,0,0,0,0,0,0,0,0,0,0,0,0,0,0,0,0,2026-08-30T17:01:03.935573+05:45,2026-08-30T17:01:03.935584+05:45,,,2026-09-17
93833,Flood at Chhayanath Rara Municipality-11,"[{'id': 1083, 'bbox': [82.1961451215188, 29.46505894321069, 82.23167528996198, 29.55206679921033], 'centroid': {'type': 'Point', 'coordinates': [82.21308784635389, 29.510126438807056]}, 'title': '11', 'municipality': 65001}]",2026-08-31T09:01:04.192081+05:45,2026-08-31T09:01:04.192089+05:45,"कर्णाली, मुगु, छायाँनाथ रारा-११ मा बाढी",,,True,,True,,2026-08-30T00:00:00+05:45,2026-08-31T08:38:56+05:45,,,False,,,89807,drr_api,other,,11,,,Point,"[82.21495858, 29.5100747]",477274,0,0,0,0,0,0,0,0,0,0,0,0,0,0,0,0,0,0,0,6,0,0,60,0,0,0,0,0,0,0,0,0,0,0,2026-08-31T09:01:04.158532+05:45,2026-08-31T09:01:04.158538+05:45,,,2026-09-17
93848,Flood at Inaruwa Municipality-8,"[{'id': 4734, 'bbox': [87.10905232776548, 26.61607891995843, 87.16998942122008, 26.66194624626002], 'centroid': {'type': 'Point', 'coordinates': [87.1317136854626, 26.63682811898139]}, 'title': '8', 'municipality': 6009}]",2026-08-31T09:45:04.442106+05:45,2026-08-31T09:45:04.442119+05:45,"कोशी, सुनसरी, इनरुवा-८ मा बाढी",,,True,,True,,2026-08-30T00:00:00+05:45,2026-08-31T09:24:35+05:45,,,False,,,89826,drr_api,other,,11,,,Point,"[87.12722, 26.64064]",477311,0,0,0,0,0,0,0,0,0,0,0,0,0,0,0,0,0,0,0,0,0,0,0,0,0,0,0,0,0,0,0,0,0,0,2026-08-31T09:45:04.416913+05:45,2026-08-31T09:45:04.416926+05:45,,,2026-09-17
93855,Flood at Molung Rural Municipality-1,"[{'id': 1173, 'bbox': [86.43498058310864, 27.29580946231011, 86.4844930714219, 27.34125429273922], 'centroid': {'type': 'Point', 'coordinates': [86.45699531522045, 27.323369382770156]}, 'title': '1', 'municipality': 12006}]",2026-08-31T09:45:04.750104+05:45,2026-08-31T09:45:04.750119+05:45,"कोशी, ओखलढुङ्गा, मोलुङ-१ मा बाढी",,,True,,True,,2026-08-30T00:00:00+05:45,2026-08-31T09:14:38+05:45,,,False,,,89819,drr_api,other,,11,,,Point,"[86.44629, 27.33592]",477318,0,0,0,0,0,0,0,0,0,0,0,0,0,0,0,0,0,0,0,0,0,0,0,0,0,0,0,0,0,0,0,0,0,0,2026-08-31T09:45:04.724879+05:45,2026-08-31T09:45:04.724888+05:45,,,2026-09-17
93861,Flood at Chhayanath Rara Municipality-11,"[{'id': 1083, 'bbox': [82.1961451215188, 29.46505894321069, 82.23167528996198, 29.55206679921033], 'centroid': {'type': 'Point', 'coordinates': [82.21308784635389, 29.510126438807056]}, 'title': '11', 'municipality': 65001}]",2026-08-31T09:45:05.046332+05:45,2026-08-31T09:45:05.046345+05:45,"कर्णाली, मुगु, छायाँनाथ रारा-११ मा बाढी",,,True,,True,,2026-08-30T00:00:00+05:45,2026-08-31T09:08:12+05:45,,,False,,,89813,drr_api,other,,11,,,Point,"[82.21495858, 29.5100747]",477324,0,0,0,0,0,0,0,0,0,0,0,0,0,0,0,0,0,0,0,1,0,0,0,0,0,0,0,0,0,0,0,0,0,0,2026-08-31T09:45:05.008705+05:45,2026-08-31T09:45:05.008714+05:45,,,2026-09-17
93871,"Flood at Jalbire, Jugal Rural Municipality-2","[{'id': 2899, 'bbox': [85.69277115075239, 27.85759222359209, 85.79686021919734, 28.04745457767539], 'centroid': {'type': 'Point', 'coordinates': [85.74788858652109, 27.92304375232483]}, 'title': '2', 'municipality': 23007}]",2026-08-31T19:33:04.046451+05:45,2026-08-31T19:33:04.046463+05:45,"बाग्मती, सिन्धुपाल्चोक, जुगल-२ मा बाढी",,,True,,True,,2026-08-31T00:00:00+05:45,2026-08-31T19:20:27+05:45,Jalbire,,False,,,89844,drr_api,other,,11,,,Point,"[85.75568, 27.90711]",477513,0,0,0,0,0,0,0,0,0,0,0,0,0,0,0,0,0,0,0,0,0,0,0,0,0,0,0,0,0,0,0,0,0,0,2026-08-31T19:33:04.004708+05:45,2026-08-31T19:33:04.004727+05:45,,,2026-09-17
93884,Flood at Susta Rural Municipality-5,"[{'id': 3578, 'bbox': [83.81202427002978, 27.34672121030959, 83.90637941671291, 27.40626193041073], 'centroid': {'type': 'Point', 'coordinates': [83.85876382936283, 27.379278141572694]}, 'title': '5', 'municipality': 48007}]",2026-09-01T09:01:05.594195+05:45,2026-09-01T09:01:05.594204+05:45,"लुम्बिनी, नवलपरासी (बर्दघाट सुस्ता पश्चिम), सुस्ता-५ मा बाढी",,,True,,True,,2026-08-31T00:00:00+05:45,2026-09-01T08:29:21+05:45,,,False,,,89865,drr_api,other,,11,,,Point,"[83.86081498, 27.37901214]",477667,0,0,0,0,0,0,0,0,0,0,0,0,0,0,0,0,0,0,0,0,0,0,0,0,0,0,0,0,0,0,0,0,0,0,2026-09-01T09:01:05.570325+05:45,2026-09-01T09:01:05.570333+05:45,,,2026-09-17
93891,Flood at Devdaha Municipality-10,"[{'id': 4210, 'bbox': [83.48863869876334, 27.65340036181428, 83.56098926262092, 27.7295507133509], 'centroid': {'type': 'Point', 'coordinates': [83.52365498413299, 27.692463836460224]}, 'title': '10', 'municipality': 49002}]",2026-09-01T09:01:05.885140+05:45,2026-09-01T09:01:05.885151+05:45,"लुम्बिनी, रुपन्देही, देवदह-१० मा बाढी",,,True,,True,,2026-08-31T00:00:00+05:45,2026-09-01T08:20:11+05:45,,,False,,,89858,drr_api,other,,11,,,Point,"[83.52566731, 27.69222839]",477674,0,0,0,0,0,0,0,0,0,0,0,0,0,0,0,0,0,0,0,2,0,0,0,0,0,0,0,0,0,0,0,0,0,0,2026-09-01T09:01:05.857566+05:45,2026-09-01T09:01:05.857575+05:45,,,2026-09-17
93892,Flood at Tilottama Municipality-14,"[{'id': 4337, 'bbox': [83.4138358761351, 27.55042114532808, 83.45898140010988, 27.60115332410289], 'centroid': {'type': 'Point', 'coordinates': [83.43637055615785, 27.579045256234163]}, 'title': '14', 'municipality': 49016}]",2026-09-01T09:01:05.927158+05:45,2026-09-01T09:01:05.927169+05:45,"लुम्बिनी, रुपन्देही, तिलोत्तमा-१४ मा बाढी",,,True,,True,,2026-08-31T00:00:00+05:45,2026-09-01T08:18:31+05:45,,,False,,,89857,drr_api,other,,11,,,Point,"[83.42932, 27.57833]",477675,0,0,0,0,0,0,0,0,0,0,0,0,0,0,0,0,0,0,0,2,0,0,0,0,0,0,0,0,0,0,0,0,0,0,2026-09-01T09:01:05.900765+05:45,2026-09-01T09:01:05.900772+05:45,,,2026-09-17
93897,Flood at Bhimdatta Municipality-11,"[{'id': 6222, 'bbox': [80.10580348002075, 28.96025925751493, 80.13408601954904, 28.99334270320131], 'centroid': {'type': 'Point', 'coordinates': [80.11987307207741, 28.97460725861322]}, 'title': '11', 'municipality': 72004}]",2026-09-01T09:01:06.141329+05:45,2026-09-01T09:01:06.141337+05:45,"सुदुरपश्चिम, कन्चनपुर, भीमदत्त-११ मा बाढी",,,True,,True,,2026-09-01T00:00:00+05:45,2026-09-01T08:02:54+05:45,,,False,,,89852,drr_api,other,,11,,,Point,"[80.12144541, 28.97453688]",477680,0,0,0,0,0,0,0,0,0,0,0,0,0,0,0,0,0,0,0,0,0,0,0,0,0,0,0,0,0,0,0,0,0,0,2026-09-01T09:01:06.121543+05:45,2026-09-01T09:01:06.121550+05:45,,,2026-09-17
93921,Flood at Budhanilkantha Municipality-8,"[{'id': 3812, 'bbox': [85.345552382478, 27.73509082718047, 85.36504073483023, 27.76792298991441], 'centroid': {'type': 'Point', 'coordinates': [85.35451130360386, 27.75307532013773]}, 'title': '8', 'municipality': 27001}]",2026-09-02T09:17:04.402258+05:45,2026-09-02T09:17:04.402266+05:45,"बाग्मती, काठमाण्डौ, बुढानीलकण्ठ-८ मा बाढी",,,True,,True,,2026-09-01T00:00:00+05:45,2026-09-02T08:53:32+05:45,,,False,,,89889,drr_api,other,,11,,,Point,"[85.35676609, 27.75281912]",477711,0,0,0,0,0,0,0,0,0,0,0,0,0,0,0,0,0,0,0,1,0,0,0,0,0,0,0,0,0,0,0,0,0,0,2026-09-02T09:17:04.382164+05:45,2026-09-02T09:17:04.382171+05:45,,,2026-09-17
93926,"Flood at Jwangkhola , Benighat Rorang Rural Municipality-10","[{'id': 3124, 'bbox': [84.61831845972678, 27.75116752787724, 84.69701865669703, 27.82530765417119], 'centroid': {'type': 'Point', 'coordinates': [84.66489662516081, 27.796423314431223]}, 'title': '10', 'municipality': 30001}]",2026-09-02T09:33:04.490730+05:45,2026-09-02T09:33:04.490739+05:45,"बाग्मती, धादिङ्ग, बेनीघाट रोराङ-१० मा बाढी",,,True,,True,,2026-09-01T00:00:00+05:45,2026-09-02T09:09:54+05:45,Jwangkhola ,,False,,,89897,drr_api,other,,11,,,Point,"[84.66706411, 27.79618124]",477717,0,0,0,0,0,0,0,0,0,0,0,0,0,0,0,0,0,0,0,0,0,0,0,0,0,0,0,0,0,0,0,0,0,0,2026-09-02T09:33:04.468248+05:45,2026-09-02T09:33:04.468256+05:45,,,2026-09-17
93965,Flood at Darma Rural Municipality-5,"[{'id': 1560, 'bbox': [82.32504171375588, 28.53169811114745, 82.38207751803871, 28.57673738418202], 'centroid': {'type': 'Point', 'coordinates': [82.35451464102395, 28.55377397332603]}, 'title': '5', 'municipality': 55004}]",2026-09-03T09:45:04.217172+05:45,2026-09-03T09:45:04.217183+05:45,"कर्णाली, सल्यान, दार्मा-५ मा बाढी",,,True,,True,,2026-09-02T00:00:00+05:45,2026-09-03T09:21:29+05:45,,,False,,,89935,drr_api,other,,11,,,Point,"[82.3563842, 28.55363588]",477833,0,0,0,0,0,0,0,0,0,0,0,0,0,0,0,0,0,0,0,1,0,0,0,1,1,0,0,0,0,0,0,0,0,0,2026-09-03T09:45:04.185044+05:45,2026-09-03T09:45:04.185054+05:45,,150000.0,2026-09-17
93972,"Flood at Tukuche , Lo Ghekar Damodarkunda Rural Municipality-5","[{'id': 5092, 'bbox': [83.82776198734943, 28.83911884569794, 84.24182968493622, 29.07241450071645], 'centroid': {'type': 'Point', 'coordinates': [84.04426129242475, 28.95110920134865]}, 'title': '5', 'municipality': 42002}]",2026-09-03T10:17:04.059111+05:45,2026-09-03T10:17:04.059122+05:45,"गण्डकी, मुस्ताङ्ग, लो-घेकर दामोदरकुण्ड-५ मा बाढी",,,True,,True,,2026-09-02T00:00:00+05:45,2026-09-03T09:57:26+05:45,Tukuche ,,False,,,89950,drr_api,other,,11,,,Point,"[83.86811, 28.9548]",477840,0,0,0,0,0,0,0,0,0,0,0,0,0,0,0,0,0,0,0,0,0,0,0,0,0,0,0,0,0,0,0,0,0,0,2026-09-03T10:17:04.017470+05:45,2026-09-03T10:17:04.017478+05:45,,,2026-09-17
94000,Flood at Pachaljharana Rural Municipality-3,"[{'id': 829, 'bbox': [81.70255866427568, 29.17727991784538, 81.80798062653477, 29.25665096067063], 'centroid': {'type': 'Point', 'coordinates': [81.74744218320588, 29.220654101667954]}, 'title': '3', 'municipality': 64005}]",2026-09-04T11:17:04.554335+05:45,2026-09-04T11:17:04.554342+05:45,"कर्णाली, कालिकोट, पचालझरना-३ मा बाढी",,,True,,True,,2026-09-03T00:00:00+05:45,2026-09-04T10:49:56+05:45,,,False,,,89960,drr_api,other,,11,,,Point,"[81.74506, 29.21559]",477868,0,0,0,0,0,0,0,0,0,0,0,0,0,0,0,0,0,0,0,35,0,0,0,0,0,0,0,0,0,0,0,0,0,0,2026-09-04T11:17:04.524934+05:45,2026-09-04T11:17:04.524941+05:45,,,2026-09-17
94012,Flood at Apihimal Rural Municipality-6,"[{'id': 439, 'bbox': [80.72150067553008, 29.77443100435173, 80.83223735802406, 29.92995107831543], 'centroid': {'type': 'Point', 'coordinates': [80.7726961759796, 29.846935859604955]}, 'title': '6', 'municipality': 75001}]",2026-09-04T11:33:05.158479+05:45,2026-09-04T11:33:05.158490+05:45,"सुदुरपश्चिम, दार्चुला, अपिहिमाल-६ मा बाढी",,,True,,True,,2026-09-03T00:00:00+05:45,2026-09-04T11:09:17+05:45,,,False,,,89980,drr_api,other,,11,,,Point,"[80.73694, 29.92362]",477880,0,0,0,0,0,0,0,0,0,0,0,0,0,0,0,0,0,0,0,1,0,0,0,0,0,0,0,0,0,0,0,0,0,0,2026-09-04T11:33:05.133697+05:45,2026-09-04T11:33:05.133704+05:45,,,2026-09-17
94017,Flood at Mathagadhi Rural Municipality-1,"[{'id': 5692, 'bbox': [83.59887623312262, 27.81651720081126, 83.66574945952696, 27.87199622148387], 'centroid': {'type': 'Point', 'coordinates': [83.6352295519054, 27.838581031702713]}, 'title': '1', 'municipality': 47002}]",2026-09-04T12:01:04.069142+05:45,2026-09-04T12:01:04.069153+05:45,"लुम्बिनी, पाल्पा, माथागढी-१ मा बाढी",,,True,,True,,2026-09-02T00:00:00+05:45,2026-09-04T11:33:58+05:45,,,False,,,89992,drr_api,other,,11,,,Point,"[83.63419, 27.82173]",477887,2,2,0,0,0,0,0,0,0,0,0,0,0,0,0,0,0,0,0,2,0,0,0,0,0,0,0,0,0,0,0,0,0,0,2026-09-04T12:01:04.020183+05:45,2026-09-04T12:01:04.020201+05:45,,,2026-09-17
94040,"Flood at Yanchu, Simkot Rural Municipality-3","[{'id': 5125, 'bbox': [81.8457409816449, 29.94237040135646, 81.92143068222894, 30.07094362993361], 'centroid': {'type': 'Point', 'coordinates': [81.88562500818351, 30.01150546194404]}, 'title': '3', 'municipality': 66006}]",2026-09-05T16:45:04.866348+05:45,2026-09-05T16:45:04.866362+05:45,"कर्णाली, हुम्ला, सिमकोट-३ मा बाढी",,,True,,True,,2026-09-05T00:00:00+05:45,2026-09-05T16:24:42+05:45,Yanchu,,False,,,90015,drr_api,other,,11,,,Point,"[81.88546, 30.02618]",478067,0,0,0,0,0,0,0,0,0,0,0,0,0,0,0,0,0,0,0,0,0,0,0,0,0,0,0,0,0,0,0,0,0,0,2026-09-05T16:45:04.821908+05:45,2026-09-05T16:45:04.821921+05:45,,,2026-09-17
94052,Flood at Gaumul Rural Municipality-1,"[{'id': 265, 'bbox': [81.4350775749793, 29.51163400320037, 81.57276609166672, 29.69247100517132], 'centroid': {'type': 'Point', 'coordinates': [81.50142523547558, 29.596317065253636]}, 'title': '1', 'municipality': 67005}]",2026-09-06T10:33:04.569829+05:45,2026-09-06T10:33:04.569839+05:45,"सुदुरपश्चिम, बाजुरा, गौमुल-१ मा बाढी",,,True,,True,,2026-09-05T00:00:00+05:45,2026-09-06T10:12:25+05:45,,,False,,,90021,drr_api,other,,11,,,Point,"[81.49045, 29.5579]",478138,0,0,0,0,0,0,0,0,0,0,0,0,0,0,0,0,0,0,0,28,0,0,0,0,0,0,0,0,0,0,0,0,0,0,2026-09-06T10:33:04.549676+05:45,2026-09-06T10:33:04.549684+05:45,,,2026-09-17
94065,Flood at Dharche Rural Municipality-5,"[{'id': 3363, 'bbox': [84.77574082473872, 28.16370382073421, 84.87698766588964, 28.34008661172662], 'centroid': {'type': 'Point', 'coordinates': [84.80557366982208, 28.251908499001544]}, 'title': '5', 'municipality': 36005}]",2026-09-06T11:01:04.051313+05:45,2026-09-06T11:01:04.051322+05:45,"गण्डकी, गोरखा, धार्चे-५ मा बाढी",,,True,,True,,2026-09-06T00:00:00+05:45,2026-09-06T10:34:27+05:45,,,False,,,90040,drr_api,other,,11,,,Point,"[84.8101, 28.27345]",478153,0,0,0,0,0,0,0,0,0,0,0,0,0,0,0,0,0,0,0,5,0,0,0,5,5,0,0,0,0,0,0,0,0,0,2026-09-06T11:01:04.018937+05:45,2026-09-06T11:01:04.018945+05:45,,,2026-09-17
94086,Flood at Kushma Municipality-10,"[{'id': 1323, 'bbox': [83.69072225249714, 28.18684881746844, 83.72463573972028, 28.22469921772501], 'centroid': {'type': 'Point', 'coordinates': [83.70813136136596, 28.206285948599803]}, 'title': '10', 'municipality': 44003}]",2026-09-06T17:17:03.857862+05:45,2026-09-06T17:17:03.857877+05:45,"गण्डकी, पर्वत, कुश्मा-१० मा बाढी",,,True,,True,,2026-09-05T00:00:00+05:45,2026-09-06T16:50:17+05:45,,,False,,,90062,drr_api,other,,11,,,Point,"[83.69519, 28.20228]",478283,0,0,0,0,0,0,0,0,0,0,0,0,0,0,0,0,0,0,0,1,0,0,0,0,0,0,0,0,0,0,0,0,0,0,2026-09-06T17:17:03.826530+05:45,2026-09-06T17:17:03.826540+05:45,,,2026-09-17
94107,Flood at Dhankuta Municipality-2,"[{'id': 463, 'bbox': [87.32946555482053, 26.98687752036862, 87.37967879527571, 27.04931809744098], 'centroid': {'type': 'Point', 'coordinates': [87.3564006798043, 27.021472393651187]}, 'title': '2', 'municipality': 7003}]",2026-09-07T11:01:04.149304+05:45,2026-09-07T11:01:04.149313+05:45,"कोशी, धनकुटा, धनकुटा-२ मा बाढी",,,True,,True,,2026-09-05T00:00:00+05:45,2026-09-07T10:37:53+05:45,,,False,,,90093,drr_api,other,,11,,,Point,"[87.36671, 27.00791]",478943,0,0,0,0,0,0,0,0,0,0,0,0,0,0,0,0,0,0,0,0,0,0,0,0,0,0,0,0,0,0,0,0,0,0,2026-09-07T11:01:04.125720+05:45,2026-09-07T11:01:04.125729+05:45,,,2026-09-17
94125,"Flood at Chhangru , Apihimal Rural Municipality-6","[{'id': 439, 'bbox': [80.72150067553008, 29.77443100435173, 80.83223735802406, 29.92995107831543], 'centroid': {'type': 'Point', 'coordinates': [80.7726961759796, 29.846935859604955]}, 'title': '6', 'municipality': 75001}]",2026-09-07T11:17:04.394704+05:45,2026-09-07T11:17:04.394713+05:45,"सुदुरपश्चिम, दार्चुला, अपिहिमाल-६ मा बाढी",,,True,,True,,2026-09-06T00:00:00+05:45,2026-09-07T10:59:18+05:45,Chhangru ,,False,,,90104,drr_api,other,,11,,,Point,"[80.73694, 29.92362]",478974,0,0,0,0,0,0,0,0,0,0,0,0,0,0,0,0,0,0,0,0,0,0,0,0,0,0,0,0,0,0,0,0,0,0,2026-09-07T11:17:04.370477+05:45,2026-09-07T11:17:04.370486+05:45,,,2026-09-17
94126,Flood at Gaumul Rural Municipality-1,"[{'id': 265, 'bbox': [81.4350775749793, 29.51163400320037, 81.57276609166672, 29.69247100517132], 'centroid': {'type': 'Point', 'coordinates': [81.50142523547558, 29.596317065253636]}, 'title': '1', 'municipality': 67005}]",2026-09-07T11:17:04.430873+05:45,2026-09-07T11:17:04.430881+05:45,"सुदुरपश्चिम, बाजुरा, गौमुल-१ मा बाढी",,,True,,True,,2026-09-06T00:00:00+05:45,2026-09-07T10:58:07+05:45,,,False,,,90103,drr_api,other,,11,,,Point,"[81.49045, 29.5579]",478975,0,0,0,0,0,0,0,0,0,0,0,0,0,0,0,0,0,0,0,1,0,0,0,0,0,0,0,0,0,0,0,0,0,0,2026-09-07T11:17:04.410928+05:45,2026-09-07T11:17:04.410936+05:45,,300000.0,2026-09-17
94135,Flood at Hanumannagar Kankalini Municipality-13,"[{'id': 4386, 'bbox': [86.80076310276371, 26.43908554237341, 86.92427598918978, 26.52784579475026], 'centroid': {'type': 'Point', 'coordinates': [86.86896261429683, 26.481787110220743]}, 'title': '13', 'municipality': 15008}]",2026-09-07T12:17:03.998609+05:45,2026-09-07T12:17:03.998622+05:45,"मधेश, सप्तरी, हनुमाननगर कङ्‌कालिनी-१३ मा बाढी",,,True,,True,,2026-09-06T00:00:00+05:45,2026-09-07T11:53:04+05:45,,,False,,,90113,drr_api,other,,11,,,Point,"[86.87138188, 26.48139262]",479040,0,0,0,0,0,0,0,0,0,0,0,0,0,0,0,0,0,0,0,0,0,0,0,0,0,0,0,0,0,0,0,0,0,0,2026-09-07T12:17:03.953520+05:45,2026-09-07T12:17:03.953537+05:45,,,2026-09-17
94201,Flood at Kageshwori Manahora Municipality-9,"[{'id': 3837, 'bbox': [85.36459130813351, 27.68919261223834, 85.38676171510839, 27.70706524483966], 'centroid': {'type': 'Point', 'coordinates': [85.37430545465124, 27.698841983438815]}, 'title': '9', 'municipality': 27005}]",2026-09-09T12:17:03.915378+05:45,2026-09-09T12:17:03.915387+05:45,"बाग्मती, काठमाण्डौ, कागेश्वरी मनोहरा-९ मा बाढी",,,True,,True,,2026-09-08T00:00:00+05:45,2026-09-09T12:03:08+05:45,,,False,,,90188,drr_api,other,,11,,,Point,"[85.37856, 27.69912]",479722,0,0,0,0,0,0,0,0,0,0,0,0,0,0,0,0,0,0,0,0,0,0,0,0,0,0,0,0,0,0,0,0,0,0,2026-09-09T12:17:03.895302+05:45,2026-09-09T12:17:03.895310+05:45,,,2026-09-17
94208,"Flood at Kimrung, Annapurna Rural Municipality-11","[{'id': 3867, 'bbox': [83.73185653454989, 28.37769187741978, 83.94915585412349, 28.61343855957457], 'centroid': {'type': 'Point', 'coordinates': [83.8394483545253, 28.503105929698847]}, 'title': '11', 'municipality': 40001}]",2026-09-09T12:17:04.228678+05:45,2026-09-09T12:17:04.228690+05:45,"गण्डकी, कास्की, अन्नपूर्ण-११ मा बाढी",,,True,,True,,2026-09-08T00:00:00+05:45,2026-09-09T11:56:35+05:45,Kimrung,,False,,,90181,drr_api,other,,11,,,Point,"[83.84147448, 28.50291423]",479729,0,0,0,0,0,0,0,0,0,0,0,0,0,0,0,0,0,0,0,0,0,0,0,0,0,0,0,0,0,0,0,0,0,0,2026-09-09T12:17:04.193433+05:45,2026-09-09T12:17:04.193440+05:45,,,2026-09-17
94213,Flood at Siraha Municipality-21,"[{'id': 4529, 'bbox': [86.20242832405354, 26.59093333792834, 86.22278547011695, 26.61668054348032], 'centroid': {'type': 'Point', 'coordinates': [86.21193618176697, 26.60482614383615]}, 'title': '21', 'municipality': 16016}]",2026-09-09T12:33:03.647297+05:45,2026-09-09T12:33:03.647308+05:45,"मधेश, सिराहा, सिरहा-२१ मा बाढी",,,True,,True,,2026-09-08T00:00:00+05:45,2026-09-09T12:20:34+05:45,,,False,,,90196,drr_api,other,,11,,,Point,"[86.21428035, 26.60445403]",479734,0,0,0,0,0,0,0,0,0,0,0,0,0,0,0,0,0,0,0,1,0,0,0,0,0,0,0,0,0,0,0,0,0,0,2026-09-09T12:33:03.604873+05:45,2026-09-09T12:33:03.604890+05:45,,40000.0,2026-09-17
94254,"Flood at Adhari, Melamchi Municipality-10","[{'id': 2947, 'bbox': [85.57356404119226, 27.79624161298116, 85.61388187270953, 27.83970472553812], 'centroid': {'type': 'Point', 'coordinates': [85.58868477365858, 27.813197132645147]}, 'title': '10', 'municipality': 23009}]",2026-09-10T11:01:04.077845+05:45,2026-09-10T11:01:04.077853+05:45,"बाग्मती, सिन्धुपाल्चोक, मेलम्ची-१० मा बाढी",,,True,,True,,2026-09-09T00:00:00+05:45,2026-09-10T10:35:28+05:45,Adhari,,False,,,90231,drr_api,other,,11,,,Point,"[85.59097283, 27.81294235]",479993,0,0,0,0,0,0,0,0,0,0,0,0,1,0,1,0,0,0,0,1,0,0,0,0,0,0,0,0,0,0,0,0,0,0,2026-09-10T11:01:04.056005+05:45,2026-09-10T11:01:04.056012+05:45,,,2026-09-17
94265,Flood at Gosaikunda Rural Municipality-4,"[{'id': 1428, 'bbox': [85.39967219016603, 28.12928850373351, 85.80022256011118, 28.38628458071881], 'centroid': {'type': 'Point', 'coordinates': [85.61462652821342, 28.2287427431366]}, 'title': '4', 'municipality': 29001}]",2026-09-10T11:33:04.243220+05:45,2026-09-10T11:33:04.243230+05:45,"बाग्मती, रसुवा, गोसाईकुण्ड-४ मा बाढी",,,True,,True,,2026-09-09T00:00:00+05:45,2026-09-10T11:07:20+05:45,,,False,,,90248,drr_api,other,,11,,,Point,"[85.46091, 28.1755]",480010,0,0,0,0,0,0,0,0,0,0,0,0,0,0,0,0,0,0,0,0,0,0,0,0,0,0,0,0,0,0,0,0,0,0,2026-09-10T11:33:04.221878+05:45,2026-09-10T11:33:04.221886+05:45,,,2026-09-17
94288,"Flood at Damga, Nalgaad Municipality-11","[{'id': 692, 'bbox': [82.38783913194791, 28.86847759308035, 82.48390078937244, 29.00447849768311], 'centroid': {'type': 'Point', 'coordinates': [82.44220214774133, 28.9479023014951]}, 'title': '11', 'municipality': 61007}]",2026-09-11T10:33:04.686755+05:45,2026-09-11T10:33:04.686768+05:45,"कर्णाली, जाजरकोट, नलगाड-११ मा बाढी",,,True,,True,,2026-09-10T00:00:00+05:45,2026-09-11T10:14:47+05:45,Damga,,False,,,90278,drr_api,other,,11,,,Point,"[82.4440982, 28.94779266]",480275,0,0,0,0,0,0,0,0,0,0,0,0,0,0,0,0,0,0,0,0,0,0,0,0,0,0,0,0,0,0,0,0,0,0,2026-09-11T10:33:04.654080+05:45,2026-09-11T10:33:04.654087+05:45,,,2026-09-17
94320,Flood at Barahtal Rural Municipality-8,"[{'id': 2620, 'bbox': [81.45289761945138, 28.59842688603704, 81.56253372091385, 28.72631796477001], 'centroid': {'type': 'Point', 'coordinates': [81.51030653069022, 28.680430957031547]}, 'title': '8', 'municipality': 59001}]",2026-09-12T11:17:04.411315+05:45,2026-09-12T11:17:04.411327+05:45,"कर्णाली, सुर्खेत, बराहताल-८ मा बाढी",,,True,,True,,2026-09-11T00:00:00+05:45,2026-09-12T10:34:22+05:45,,,False,,,90305,drr_api,other,,11,,,Point,"[81.50876, 28.65047]",480355,0,0,0,0,0,0,0,0,0,0,0,0,0,0,0,0,0,0,0,1,0,0,1,0,0,0,0,0,0,0,0,0,0,0,2026-09-12T11:17:04.355053+05:45,2026-09-12T11:17:04.355074+05:45,,,2026-09-17
94333,Flood at Alital Rural Municipality-3,"[{'id': 6587, 'bbox': [80.42978266746778, 29.12482712483425, 80.53868024424379, 29.23661865153686], 'centroid': {'type': 'Point', 'coordinates': [80.47788656948356, 29.175760693633613]}, 'title': '3', 'municipality': 73002}]",2026-09-12T16:17:04.270536+05:45,2026-09-12T16:17:04.270543+05:45,"सुदुरपश्चिम, डडेल्धुरा, आलिताल-३ मा बाढी",,,True,,True,,2026-09-07T00:00:00+05:45,2026-09-12T15:53:56+05:45,,,False,,,90308,drr_api,other,,11,,,Point,"[80.48616, 29.20864]",480368,0,0,0,0,0,0,0,0,0,0,0,0,0,0,0,0,0,0,0,0,0,0,0,0,0,0,0,0,0,0,0,0,0,0,2026-09-12T16:17:04.247691+05:45,2026-09-12T16:17:04.247698+05:45,,50000.0,2026-09-17
94365,Flood at Buddhabhumi Municipality-8,"[{'id': 2060, 'bbox': [82.9442388128347, 27.59574656233904, 83.00032726050912, 27.64882098211262], 'centroid': {'type': 'Point', 'coordinates': [82.97004833775144, 27.627983917428896]}, 'title': '8', 'municipality': 50003}]",2026-09-13T08:45:04.653475+05:45,2026-09-13T08:45:04.653489+05:45,"लुम्बिनी, कपिलवस्तु, बुद्धभूमि-८ मा बाढी",,,True,,True,,2026-09-12T00:00:00+05:45,2026-09-13T08:33:22+05:45,,,False,,,90361,drr_api,other,,11,,,Point,"[82.96838, 27.62682]",480455,0,0,0,0,0,0,0,0,0,0,0,0,0,0,0,0,0,0,0,0,0,0,0,0,0,0,0,0,0,0,0,0,0,0,2026-09-13T08:45:04.600925+05:45,2026-09-13T08:45:04.600946+05:45,,,2026-09-17
94370,"Flood at Gaurntole, Kamalamai Municipality-10","[{'id': 2821, 'bbox': [85.9171758130693, 27.0825551644213, 86.03101698021442, 27.16997702172304], 'centroid': {'type': 'Point', 'coordinates': [85.97909334631892, 27.125296504345652]}, 'title': '10', 'municipality': 20005}]",2026-09-13T08:45:04.878192+05:45,2026-09-13T08:45:04.878203+05:45,"बाग्मती, सिन्धुली, कमलामार्इ-१० मा बाढी",,,True,,True,,2026-09-12T00:00:00+05:45,2026-09-13T08:28:47+05:45,Gaurntole,,False,,,90356,drr_api,other,,11,,,Point,"[85.98142608, 27.12497311]",480460,0,0,0,0,0,0,0,0,0,0,0,0,0,0,0,0,0,0,0,0,0,0,0,0,0,0,0,0,0,0,0,0,0,0,2026-09-13T08:45:04.852982+05:45,2026-09-13T08:45:04.852993+05:45,,,2026-09-17
94401,Flood at Kushe Rural Municipality-7,"[{'id': 666, 'bbox': [82.16491990127919, 28.83833525525476, 82.23465581667716, 28.89598773214188], 'centroid': {'type': 'Point', 'coordinates': [82.20120682137662, 28.870159963175755]}, 'title': '7', 'municipality': 61005}]",2026-09-14T17:17:04.488330+05:45,2026-09-14T17:17:04.488344+05:45,"कर्णाली, जाजरकोट, कुशे-७ मा बाढी",,,True,,True,,2026-09-13T00:00:00+05:45,2026-09-14T17:05:50+05:45,,,False,,,90399,drr_api,other,,11,,,Point,"[82.19935, 28.86981]",480598,0,0,0,0,0,0,0,0,0,0,0,0,0,0,0,0,0,0,0,11,0,0,0,0,0,0,0,0,0,0,0,0,0,0,2026-09-14T17:17:04.431805+05:45,2026-09-14T17:17:04.431823+05:45,,,2026-09-17
94418,"Flood at Mahakali River, Dodhara Chandani Municipality-4","[{'id': 6200, 'bbox': [80.0765661928231, 28.89939014072178, 80.10554541925391, 28.92791304726062], 'centroid': {'type': 'Point', 'coordinates': [80.09379117331842, 28.909387732776604]}, 'title': '4', 'municipality': 72007}]",2026-09-14T18:01:03.965628+05:45,2026-09-14T18:01:03.965643+05:45,"सुदुरपश्चिम, कन्चनपुर, दोधारा चादँनी-४ मा बाढी",,,True,,True,,2026-09-14T00:00:00+05:45,2026-09-14T17:41:01+05:45,Mahakali River,,False,,,90405,drr_api,other,,11,,,Point,"[80.09535897, 28.90931179]",480623,0,0,0,0,0,0,1,0,0,0,1,0,0,0,0,0,0,0,0,1,0,0,0,0,0,0,0,0,0,0,0,0,0,0,2026-09-14T18:01:03.922608+05:45,2026-09-14T18:01:03.922632+05:45,,,2026-09-17
94419,Flood at Apihimal Rural Municipality-6,"[{'id': 439, 'bbox': [80.72150067553008, 29.77443100435173, 80.83223735802406, 29.92995107831543], 'centroid': {'type': 'Point', 'coordinates': [80.7726961759796, 29.846935859604955]}, 'title': '6', 'municipality': 75001}]",2026-09-15T10:33:04.796555+05:45,2026-09-15T10:33:04.796566+05:45,"सुदुरपश्चिम, दार्चुला, अपिहिमाल-६ मा बाढी",,,True,,True,,2026-09-14T00:00:00+05:45,2026-09-15T10:18:37+05:45,,,False,,,90424,drr_api,other,,11,,,Point,"[80.73694, 29.92362]",480868,0,0,0,0,0,0,0,0,0,0,0,0,0,0,0,0,0,0,0,0,0,0,0,0,0,0,0,0,0,0,0,0,0,0,2026-09-15T10:33:04.749629+05:45,2026-09-15T10:33:04.749646+05:45,,,2026-09-17
94436,"Flood at Godana, Barbardiya Municipality-7","[{'id': 4846, 'bbox': [81.37842041021942, 28.32467769706973, 81.4338388659473, 28.38048262646069], 'centroid': {'type': 'Point', 'coordinates': [81.40706324919533, 28.353945674885868]}, 'title': '7', 'municipality': 58003}]",2026-09-15T10:33:05.488742+05:45,2026-09-15T10:33:05.488762+05:45,"लुम्बिनी, बर्दिया, बारबर्दिया-७ मा बाढी",,,True,,True,,2026-09-14T00:00:00+05:45,2026-09-15T10:00:50+05:45,Godana,,False,,,90407,drr_api,other,,11,,,Point,"[81.41147, 28.36918]",480885,1,0,0,0,1,0,0,0,0,0,0,0,0,0,0,0,0,0,0,1,0,0,0,0,0,0,0,0,0,0,0,0,0,0,2026-09-15T10:33:05.462944+05:45,2026-09-15T10:33:05.462953+05:45,,,2026-09-17
94468,Flood at Rhishing Rural Municipality-1,"[{'id': 2473, 'bbox': [84.22214701201307, 27.89768722887749, 84.31423683360886, 27.96913505142663], 'centroid': {'type': 'Point', 'coordinates': [84.2624958220217, 27.932224089611072]}, 'title': '1', 'municipality': 38009}]",2026-09-16T10:33:04.410415+05:45,2026-09-16T10:33:04.410425+05:45,"गण्डकी, तनहुँ, ऋषिङ्ग-१ मा बाढी",,,True,,True,,2026-09-16T00:00:00+05:45,2026-09-16T09:59:59+05:45,,,False,,,90446,drr_api,other,,11,,,Point,"[84.24996, 27.93572]",481021,0,0,0,0,0,0,0,0,0,0,0,0,0,0,0,0,0,0,0,0,0,0,0,0,0,0,0,0,0,0,0,0,0,0,2026-09-16T10:33:04.378456+05:45,2026-09-16T10:33:04.378464+05:45,,,2026-09-17
94482,Flood at Pokhara Metropolitan City-32,"[{'id': 3925, 'bbox': [84.07856730572068, 28.09158862393156, 84.12822899595693, 28.15324363824565], 'centroid': {'type': 'Point', 'coordinates': [84.10281540582916, 28.1237743617026]}, 'title': '32', 'municipality': 40004}]",2026-09-16T15:33:04.754253+05:45,2026-09-16T15:33:04.754267+05:45,"गण्डकी, कास्की, पोखरा-३२ मा बाढी",,,True,,True,,2026-09-16T00:00:00+05:45,2026-09-16T15:09:30+05:45,,,False,,,90464,drr_api,other,,11,,,Point,"[84.10491112, 28.12357064]",481036,0,0,0,0,0,0,0,0,0,0,0,0,0,0,0,0,0,0,0,0,0,0,0,0,0,0,0,0,0,0,0,0,0,0,2026-09-16T15:33:04.721121+05:45,2026-09-16T15:33:04.721130+05:45,,,2026-09-17
93679,"Landslide at Kungri , Paribartan Rural Municipality-4","[{'id': 5265, 'bbox': [82.46329190279181, 28.49889500840563, 82.54424969905868, 28.55845281167456], 'centroid': {'type': 'Point', 'coordinates': [82.50701944214603, 28.52713144635126]}, 'title': '4', 'municipality': 53001}]",2026-08-26T15:45:04.829717+05:45,2026-08-26T15:45:04.829730+05:45,"लुम्बिनी, रोल्पा, परिवर्तन-४ मा पहिरो",,,True,,True,,2026-08-26T00:00:00+05:45,2026-08-26T15:23:29+05:45,Kungri ,,False,,,89648,drr_api,other,,17,,,Point,"[82.50890711, 28.5269888]",475830,0,0,0,0,0,0,0,0,0,0,0,0,0,0,0,0,0,0,0,0,0,0,0,0,0,0,0,0,0,0,0,0,0,0,2026-08-26T15:45:04.798060+05:45,2026-08-26T15:45:04.798071+05:45,,,2026-09-17
93686,Landslide at Dharche Rural Municipality-3,"[{'id': 3385, 'bbox': [84.74876811118146, 28.23077164233649, 84.90869080110355, 28.37644211581681], 'centroid': {'type': 'Point', 'coordinates': [84.8416001917189, 28.312378200362488]}, 'title': '3', 'municipality': 36005}]",2026-08-26T16:01:04.144554+05:45,2026-08-26T16:01:04.144568+05:45,"गण्डकी, गोरखा, धार्चे-३ मा पहिरो",,,True,,True,,2026-08-26T00:00:00+05:45,2026-08-26T15:34:04+05:45,,,False,,,89655,drr_api,other,,17,,,Point,"[84.82312649, 28.25120896]",475837,0,0,0,0,0,0,0,0,0,0,0,0,0,0,0,0,0,0,0,0,0,0,0,0,0,0,0,0,0,0,0,0,0,0,2026-08-26T16:01:04.086804+05:45,2026-08-26T16:01:04.086820+05:45,,,2026-09-17
93687,Landslide at Putha Uttarganga Rural Municipality-4,"[{'id': 1452, 'bbox': [82.78596730555095, 28.66662148302739, 82.83889772082979, 28.72272195621301], 'centroid': {'type': 'Point', 'coordinates': [82.8135436912137, 28.69104513140489]}, 'title': '4', 'municipality': 77002}]",2026-08-27T07:45:04.367041+05:45,2026-08-27T07:45:04.367054+05:45,"लुम्बिनी, रुकुम पूर्व, पुथा उत्तरगंगा-४ मा पहिरो",,,True,,True,,2026-08-26T00:00:00+05:45,2026-08-27T07:31:54+05:45,,,False,,,89661,drr_api,other,,17,,,Point,"[82.8108847509242, 28.6739897105719]",476398,0,0,0,0,0,0,0,0,0,0,0,0,0,0,0,0,0,0,0,1,0,0,0,1,1,0,0,0,0,0,0,0,0,0,2026-08-27T07:45:04.317027+05:45,2026-08-27T07:45:04.317046+05:45,,,2026-09-17
93709,Landslide at Rolpa Municipality-10,"[{'id': 5206, 'bbox': [82.63861451153639, 28.31188034515621, 82.71498855398708, 28.43185746742108], 'centroid': {'type': 'Point', 'coordinates': [82.6765757006369, 28.376573391916143]}, 'title': '10', 'municipality': 53004}]",2026-08-27T16:45:05.079914+05:45,2026-08-27T16:45:05.079925+05:45,"लुम्बिनी, रोल्पा, रोल्पा-१० मा पहिरो",,,True,,True,,2026-08-27T00:00:00+05:45,2026-08-27T16:21:01+05:45,,,False,,,89673,drr_api,other,,17,,,Point,"[82.65523, 28.32432]",476593,0,0,0,0,0,0,0,0,0,0,0,0,0,0,0,0,0,0,0,0,0,0,0,0,0,0,0,0,0,0,0,0,0,0,2026-08-27T16:45:05.049969+05:45,2026-08-27T16:45:05.049978+05:45,,,2026-09-17
93716,"Landslide at Kharibot , Rolpa Municipality-10","[{'id': 5206, 'bbox': [82.63861451153639, 28.31188034515621, 82.71498855398708, 28.43185746742108], 'centroid': {'type': 'Point', 'coordinates': [82.6765757006369, 28.376573391916143]}, 'title': '10', 'municipality': 53004}]",2026-08-28T13:45:04.133234+05:45,2026-08-28T13:45:04.133252+05:45,"लुम्बिनी, रोल्पा, रोल्पा-१० मा पहिरो",,,True,,True,,2026-08-27T00:00:00+05:45,2026-08-28T13:30:19+05:45,Kharibot ,,False,,,89685,drr_api,other,,17,,,Point,"[82.65523, 28.32432]",476600,0,0,0,0,0,0,0,0,0,0,0,0,0,0,0,0,0,0,0,0,0,0,0,0,0,0,0,0,0,0,0,0,0,0,2026-08-28T13:45:04.099723+05:45,2026-08-28T13:45:04.099738+05:45,,,2026-09-17
93718,"Landslide at Kuwakot , Surnaya Rural Municipality-5","[{'id': 64, 'bbox': [80.56295373681648, 29.48352758960053, 80.63783940294728, 29.55263875077424], 'centroid': {'type': 'Point', 'coordinates': [80.59956581027073, 29.515306750875478]}, 'title': '5', 'municipality': 74010}]",2026-08-28T14:01:03.900545+05:45,2026-08-28T14:01:03.900556+05:45,"सुदुरपश्चिम, बैतडी, सुर्नया-५ मा पहिरो",,,True,,True,,2026-08-27T00:00:00+05:45,2026-08-28T13:45:26+05:45,Kuwakot ,,False,,,89693,drr_api,other,,17,,,Point,"[80.57647, 29.50844]",476602,0,0,0,0,0,0,0,0,0,0,0,0,0,0,0,0,0,0,0,5,0,0,0,0,0,0,0,0,0,0,0,0,0,0,2026-08-28T14:01:03.875994+05:45,2026-08-28T14:01:03.876004+05:45,,,2026-09-17
93720,Landslide at Triveni Rural Municipality-10,"[{'id': 1521, 'bbox': [82.37399633008071, 28.58676724551814, 82.41379399191587, 28.61485970579697], 'centroid': {'type': 'Point', 'coordinates': [82.39182672235029, 28.601103769468786]}, 'title': '10', 'municipality': 54006}]",2026-08-28T14:01:03.987952+05:45,2026-08-28T14:01:03.987961+05:45,"कर्णाली, रुकुम पश्चिम, त्रिवेणी-१० मा पहिरो",,,True,,True,,2026-08-27T00:00:00+05:45,2026-08-28T13:40:28+05:45,,,False,,,89691,drr_api,other,,17,,,Point,"[82.39370211, 28.60097]",476604,1,1,0,0,0,0,0,0,0,0,0,0,0,0,0,0,0,0,0,1,0,0,0,0,0,0,0,0,0,0,0,0,0,0,2026-08-28T14:01:03.957383+05:45,2026-08-28T14:01:03.957391+05:45,,,2026-09-17
93732,"Landslide at Kodari, Jugal Rural Municipality-2","[{'id': 2899, 'bbox': [85.69277115075239, 27.85759222359209, 85.79686021919734, 28.04745457767539], 'centroid': {'type': 'Point', 'coordinates': [85.74788858652109, 27.92304375232483]}, 'title': '2', 'municipality': 23007}]",2026-08-28T16:33:03.806192+05:45,2026-08-28T16:33:03.806204+05:45,"बाग्मती, सिन्धुपाल्चोक, जुगल-२ मा पहिरो",,,True,,True,,2026-08-28T00:00:00+05:45,2026-08-28T16:20:14+05:45,Kodari,,False,,,89708,drr_api,other,,17,,,Point,"[85.75568, 27.90711]",476616,0,0,0,0,0,0,0,0,0,0,0,0,0,0,0,0,0,0,0,0,0,0,0,0,0,0,0,0,0,0,0,0,0,0,2026-08-28T16:33:03.762653+05:45,2026-08-28T16:33:03.762673+05:45,,,2026-09-17
93755,Landslide at Putha Uttarganga Rural Municipality-4,"[{'id': 1452, 'bbox': [82.78596730555095, 28.66662148302739, 82.83889772082979, 28.72272195621301], 'centroid': {'type': 'Point', 'coordinates': [82.8135436912137, 28.69104513140489]}, 'title': '4', 'municipality': 77002}]",2026-08-29T11:45:04.038145+05:45,2026-08-29T11:45:04.038157+05:45,"लुम्बिनी, रुकुम पूर्व, पुथा उत्तरगंगा-४ मा पहिरो",,,True,,True,,2026-08-28T00:00:00+05:45,2026-08-29T11:32:33+05:45,,,False,,,89729,drr_api,other,,17,,,Point,"[82.8108847509242, 28.6739897105719]",476775,0,0,0,0,0,0,0,0,0,0,0,0,0,0,0,0,0,0,0,1,0,0,0,0,0,0,0,0,0,0,0,0,0,0,2026-08-29T11:45:03.983610+05:45,2026-08-29T11:45:03.983632+05:45,,,2026-09-17
93758,Landslide at Molung Rural Municipality-1,"[{'id': 1173, 'bbox': [86.43498058310864, 27.29580946231011, 86.4844930714219, 27.34125429273922], 'centroid': {'type': 'Point', 'coordinates': [86.45699531522045, 27.323369382770156]}, 'title': '1', 'municipality': 12006}]",2026-08-29T11:45:04.178783+05:45,2026-08-29T11:45:04.178798+05:45,"कोशी, ओखलढुङ्गा, मोलुङ-१ मा पहिरो",,,True,,True,,2026-08-28T00:00:00+05:45,2026-08-29T11:28:39+05:45,,,False,,,89726,drr_api,other,,17,,,Point,"[86.44629, 27.33592]",476780,0,0,0,0,0,0,0,0,0,0,0,0,0,0,0,0,0,0,0,1,0,0,0,0,0,0,0,0,0,0,0,0,0,0,2026-08-29T11:45:04.153619+05:45,2026-08-29T11:45:04.153629+05:45,,,2026-09-17
93774,Landslide at Pokhara Metropolitan City-25,"[{'id': 3891, 'bbox': [83.87600820454453, 28.24710107987455, 83.96900172932229, 28.30152431517833], 'centroid': {'type': 'Point', 'coordinates': [83.92289717422891, 28.2774649650508]}, 'title': '25', 'municipality': 40004}]",2026-08-30T08:17:04.547856+05:45,2026-08-30T08:17:04.547869+05:45,"गण्डकी, कास्की, पोखरा-२५ मा पहिरो",,,True,,True,,2026-08-29T00:00:00+05:45,2026-08-30T08:04:06+05:45,,,False,,,89751,drr_api,other,,17,,,Point,"[83.92497561, 28.27727981]",476889,0,0,0,0,0,0,0,0,0,0,0,0,0,0,0,0,0,0,0,0,0,0,0,0,0,0,0,0,0,0,0,0,0,0,2026-08-30T08:17:04.494231+05:45,2026-08-30T08:17:04.494250+05:45,,,2026-09-17
93776,Landslide at Shey Phoksundo Rural Municipality-99,"[{'id': 5439, 'bbox': [82.74488294577816, 29.03984124230045, 83.10481620768608, 29.36636903371163], 'centroid': {'type': 'Point', 'coordinates': [82.91529138240281, 29.200460696479354]}, 'title': '99', 'municipality': 62006}]",2026-08-30T08:17:04.658000+05:45,2026-08-30T08:17:04.658010+05:45,"कर्णाली, डोल्पा, शे फोक्सुण्डो-९९ मा पहिरो",,,True,,True,,2026-08-29T00:00:00+05:45,2026-08-30T08:00:31+05:45,,,False,,,89749,drr_api,other,,17,,,Point,"[83.03833, 29.21277]",476891,0,0,0,0,0,0,0,0,0,0,0,0,0,0,0,0,0,0,0,3,0,0,0,0,0,1,0,0,0,0,0,0,0,0,2026-08-30T08:17:04.610355+05:45,2026-08-30T08:17:04.610362+05:45,,,2026-09-17
93780,"Landslide at Tamrang , Phaktanglung Rural Municipality-6","[{'id': 1817, 'bbox': [87.71183495064477, 27.49151796370686, 88.20166777425233, 27.90595938122748], 'centroid': {'type': 'Point', 'coordinates': [87.99529468052154, 27.715981601173333]}, 'title': '6', 'municipality': 1005}]",2026-08-30T08:17:04.826479+05:45,2026-08-30T08:17:04.826486+05:45,"कोशी, ताप्लेजुङ्ग, फक्ताङलुङ-६ मा पहिरो",,,True,,True,,2026-08-29T00:00:00+05:45,2026-08-30T07:48:54+05:45,Tamrang ,,False,,,89745,drr_api,other,,17,,,Point,"[87.82613, 27.60988]",476895,0,0,0,0,0,0,0,0,0,0,0,0,0,0,0,0,0,0,0,0,0,0,0,0,0,0,0,0,0,0,0,0,0,0,2026-08-30T08:17:04.795559+05:45,2026-08-30T08:17:04.795567+05:45,,,2026-09-17
93784,"Landslide at Bhattedanda, Konjyosom Rural Municipality-4","[{'id': 2010, 'bbox': [85.31847231099738, 27.53847859557882, 85.36589926246116, 27.55891781512099], 'centroid': {'type': 'Point', 'coordinates': [85.34313296968769, 27.548357961042377]}, 'title': '4', 'municipality': 25003}]",2026-08-30T08:33:04.352794+05:45,2026-08-30T08:33:04.352803+05:45,"बाग्मती, ललितपुर, कोन्ज्योसोम-४ मा पहिरो",,,True,,True,,2026-08-29T00:00:00+05:45,2026-08-30T08:07:22+05:45,Bhattedanda,,False,,,89754,drr_api,other,,17,,,Point,"[85.33968, 27.54796]",476900,0,0,0,0,0,0,0,0,0,0,0,0,0,0,0,0,0,0,0,0,0,0,0,0,0,0,0,0,0,0,0,0,0,0,2026-08-30T08:33:04.334346+05:45,2026-08-30T08:33:04.334354+05:45,,,2026-09-17
93792,Landslide at Raghuganga Rural Municipality-8,"[{'id': 1115, 'bbox': [83.42055015274315, 28.48904911494293, 83.53806011003846, 28.69745521412912], 'centroid': {'type': 'Point', 'coordinates': [83.48706188827856, 28.588855479454924]}, 'title': '8', 'municipality': 43006}]",2026-08-30T10:17:04.157596+05:45,2026-08-30T10:17:04.157607+05:45,"गण्डकी, म्याग्दी, रघुगंगा-८ मा पहिरो",,,True,,True,,2026-08-30T00:00:00+05:45,2026-08-30T09:57:04+05:45,,,False,,,89767,drr_api,other,,17,,,Point,"[83.48729, 28.54637]",476920,0,0,0,0,0,0,0,0,0,0,0,0,0,0,0,0,0,0,0,0,0,0,0,0,0,0,0,0,0,0,0,0,0,0,2026-08-30T10:17:04.104111+05:45,2026-08-30T10:17:04.104128+05:45,,,2026-09-17
93793,"Landslide at Bhattedanda , Konjyosom Rural Municipality-4","[{'id': 2010, 'bbox': [85.31847231099738, 27.53847859557882, 85.36589926246116, 27.55891781512099], 'centroid': {'type': 'Point', 'coordinates': [85.34313296968769, 27.548357961042377]}, 'title': '4', 'municipality': 25003}]",2026-08-30T10:17:04.197705+05:45,2026-08-30T10:17:04.197713+05:45,"बाग्मती, ललितपुर, कोन्ज्योसोम-४ मा पहिरो",,,True,,True,,2026-08-30T00:00:00+05:45,2026-08-30T09:56:29+05:45,Bhattedanda ,,False,,,89766,drr_api,other,,17,,,Point,"[85.33968, 27.54796]",476921,0,0,0,0,0,0,0,0,0,0,0,0,0,0,0,0,0,0,0,0,0,0,0,0,0,0,0,0,0,0,0,0,0,0,2026-08-30T10:17:04.177933+05:45,2026-08-30T10:17:04.177943+05:45,,,2026-09-17
93795,Landslide at Madi Rural Municipality-6,"[{'id': 5252, 'bbox': [82.51014610333051, 28.3389850164997, 82.55738077613704, 28.38714704916377], 'centroid': {'type': 'Point', 'coordinates': [82.53370524125702, 28.36575486501758]}, 'title': '6', 'municipality': 53003}]",2026-08-30T10:17:04.294346+05:45,2026-08-30T10:17:04.294356+05:45,"लुम्बिनी, रोल्पा, माडी-६ मा पहिरो",,,True,,True,,2026-08-29T00:00:00+05:45,2026-08-30T09:50:15+05:45,,,False,,,89764,drr_api,other,,17,,,Point,"[82.53559534, 28.36559688]",476923,0,0,0,0,0,0,0,0,0,0,0,0,0,0,0,0,0,0,0,1,0,0,0,0,0,0,0,0,0,0,0,0,0,0,2026-08-30T10:17:04.266580+05:45,2026-08-30T10:17:04.266588+05:45,,,2026-09-17
93797,Landslide at Resunga Municipality-14,"[{'id': 3239, 'bbox': [83.2750765867576, 28.0768459602673, 83.32676701992544, 28.12053287068505], 'centroid': {'type': 'Point', 'coordinates': [83.3009881609309, 28.101713462199474]}, 'title': '14', 'municipality': 46010}]",2026-08-30T10:33:03.909685+05:45,2026-08-30T10:33:03.909699+05:45,"लुम्बिनी, गुल्मी, रेसुङ्गा-१४ मा पहिरो",,,True,,True,,2026-08-29T00:00:00+05:45,2026-08-30T10:20:34+05:45,,,False,,,89779,drr_api,other,,17,,,Point,"[83.31058, 28.09848]",476927,0,0,0,0,0,0,0,0,0,0,0,0,0,0,0,0,0,0,0,0,0,0,0,0,0,0,0,0,0,0,0,0,0,0,2026-08-30T10:33:03.860034+05:45,2026-08-30T10:33:03.860056+05:45,,,2026-09-17
93800,Landslide at Putha Uttarganga Rural Municipality-4,"[{'id': 1452, 'bbox': [82.78596730555095, 28.66662148302739, 82.83889772082979, 28.72272195621301], 'centroid': {'type': 'Point', 'coordinates': [82.8135436912137, 28.69104513140489]}, 'title': '4', 'municipality': 77002}]",2026-08-30T10:33:04.054420+05:45,2026-08-30T10:33:04.054437+05:45,"लुम्बिनी, रुकुम पूर्व, पुथा उत्तरगंगा-४ मा पहिरो",,,True,,True,,2026-08-29T00:00:00+05:45,2026-08-30T10:17:02+05:45,,,False,,,89776,drr_api,other,,17,,,Point,"[82.8108847509242, 28.6739897105719]",476930,0,0,0,0,0,0,0,0,0,0,0,0,0,0,0,0,0,0,0,0,0,0,0,0,0,0,0,0,0,0,0,0,0,0,2026-08-30T10:33:04.025336+05:45,2026-08-30T10:33:04.025345+05:45,,,2026-09-17
93805,Landslide at Sitganga Municipality-12,"[{'id': 59, 'bbox': [83.01606226694106, 27.75673572340657, 83.13940730357918, 27.8508094126884], 'centroid': {'type': 'Point', 'coordinates': [83.06878995853079, 27.800937387219946]}, 'title': '12', 'municipality': 51006}]",2026-08-30T10:33:04.267880+05:45,2026-08-30T10:33:04.267888+05:45,"लुम्बिनी, अर्घाखाॉची, शितगंगा-१२ मा पहिरो",,,True,,True,,2026-08-29T00:00:00+05:45,2026-08-30T10:13:13+05:45,,,False,,,89771,drr_api,other,,17,,,Point,"[83.07074712, 27.8007201]",476935,0,0,0,0,0,0,0,0,0,0,0,0,0,0,0,0,0,0,0,0,0,0,0,0,0,0,0,0,0,0,0,0,0,0,2026-08-30T10:33:04.239378+05:45,2026-08-30T10:33:04.239386+05:45,,,2026-09-17
93806,Landslide at Kaligandaki Rural Municipality-4,"[{'id': 3244, 'bbox': [83.51581769700705, 28.02668184742373, 83.56402632861176, 28.07156087642066], 'centroid': {'type': 'Point', 'coordinates': [83.5415587339428, 28.050182803584956]}, 'title': '4', 'municipality': 46006}]",2026-08-30T10:33:04.310183+05:45,2026-08-30T10:33:04.310191+05:45,"लुम्बिनी, गुल्मी, कालीगण्डकी-४ मा पहिरो",,,True,,True,,2026-08-29T00:00:00+05:45,2026-08-30T10:11:50+05:45,,,False,,,89770,drr_api,other,,17,,,Point,"[83.5435777, 28.0499817]",476936,0,0,0,0,0,0,0,0,0,0,0,0,0,0,0,0,0,0,0,0,0,0,0,0,0,0,0,0,0,0,0,0,0,0,2026-08-30T10:33:04.284553+05:45,2026-08-30T10:33:04.284561+05:45,,,2026-09-17
93818,Landslide at Dhorpatan Municipality-4,"[{'id': 5031, 'bbox': [83.17771770878505, 28.31772508210023, 83.30396166857622, 28.39246398218613], 'centroid': {'type': 'Point', 'coordinates': [83.23529318113297, 28.352353034775085]}, 'title': '4', 'municipality': 45004}]",2026-08-30T16:01:04.240679+05:45,2026-08-30T16:01:04.240690+05:45,"गण्डकी, बागलुङ, ढोरपाटन-४ मा पहिरो",,,True,,True,,2026-08-30T00:00:00+05:45,2026-08-30T15:29:52+05:45,,,False,,,89782,drr_api,other,,17,,,Point,"[83.27139, 28.35288]",476973,0,0,0,0,0,0,0,0,0,0,0,0,0,0,0,0,0,0,0,1,0,0,0,1,1,0,0,0,0,0,0,0,0,0,2026-08-30T16:01:04.208615+05:45,2026-08-30T16:01:04.208625+05:45,,,2026-09-17
93819,Landslide at Surnaya Rural Municipality-5,"[{'id': 64, 'bbox': [80.56295373681648, 29.48352758960053, 80.63783940294728, 29.55263875077424], 'centroid': {'type': 'Point', 'coordinates': [80.59956581027073, 29.515306750875478]}, 'title': '5', 'municipality': 74010}]",2026-08-30T16:17:04.441536+05:45,2026-08-30T16:17:04.441547+05:45,"सुदुरपश्चिम, बैतडी, सुर्नया-५ मा पहिरो",,,True,,True,,2026-08-30T00:00:00+05:45,2026-08-30T16:03:43+05:45,,,False,,,89792,drr_api,other,,17,,,Point,"[80.57647, 29.50844]",476975,0,0,0,0,0,0,0,0,0,0,0,0,0,0,0,0,0,0,0,2,0,0,0,0,0,0,0,0,0,0,0,0,0,0,2026-08-30T16:17:04.399082+05:45,2026-08-30T16:17:04.399100+05:45,,,2026-09-17
93821,"Landslide at Aulise , Barahtal Rural Municipality-8","[{'id': 2620, 'bbox': [81.45289761945138, 28.59842688603704, 81.56253372091385, 28.72631796477001], 'centroid': {'type': 'Point', 'coordinates': [81.51030653069022, 28.680430957031547]}, 'title': '8', 'municipality': 59001}]",2026-08-30T16:17:04.545053+05:45,2026-08-30T16:17:04.545062+05:45,"कर्णाली, सुर्खेत, बराहताल-८ मा पहिरो",,,True,,True,,2026-08-30T00:00:00+05:45,2026-08-30T15:59:55+05:45,Aulise ,,False,,,89790,drr_api,other,,17,,,Point,"[81.50876, 28.65047]",476977,0,0,0,0,0,0,0,0,0,0,0,0,0,0,0,0,0,0,0,0,0,0,0,0,0,0,0,0,0,0,0,0,0,0,2026-08-30T16:17:04.511840+05:45,2026-08-30T16:17:04.511848+05:45,,,2026-09-17
93824,"Landslide at Krishna Bhir , Netrawati Dabjong Rural Municipality-1","[{'id': 3169, 'bbox': [84.92008081618509, 28.00038688991405, 84.99090155856015, 28.03111331476659], 'centroid': {'type': 'Point', 'coordinates': [84.95780011123587, 28.015367956487673]}, 'title': '1', 'municipality': 30008}]",2026-08-30T16:45:04.726808+05:45,2026-08-30T16:45:04.726825+05:45,"बाग्मती, धादिङ्ग, नेत्रावती डबजोङ-१ मा पहिरो",,,True,,True,,2026-08-30T00:00:00+05:45,2026-08-30T16:27:52+05:45,Krishna Bhir ,,False,,,89797,drr_api,other,,17,,,Point,"[84.94688, 28.00638]",476984,0,0,0,0,0,0,0,0,0,0,0,0,0,0,0,0,0,0,0,0,0,0,0,0,0,0,0,0,0,0,0,0,0,0,2026-08-30T16:45:04.675563+05:45,2026-08-30T16:45:04.675583+05:45,,,2026-09-17
93825,"Landslide at Khanibeshi , Dharche Rural Municipality-3","[{'id': 3385, 'bbox': [84.74876811118146, 28.23077164233649, 84.90869080110355, 28.37644211581681], 'centroid': {'type': 'Point', 'coordinates': [84.8416001917189, 28.312378200362488]}, 'title': '3', 'municipality': 36005}]",2026-08-30T16:45:04.783658+05:45,2026-08-30T16:45:04.783672+05:45,"गण्डकी, गोरखा, धार्चे-३ मा पहिरो",,,True,,True,,2026-08-29T00:00:00+05:45,2026-08-30T16:26:31+05:45,Khanibeshi ,,False,,,89796,drr_api,other,,17,,,Point,"[84.82312649, 28.25120896]",476985,0,0,0,0,0,0,0,0,0,0,0,0,0,0,0,0,0,0,0,0,0,0,0,0,0,0,0,0,0,0,0,0,0,0,2026-08-30T16:45:04.746907+05:45,2026-08-30T16:45:04.746923+05:45,,,2026-09-17
93827,"Landslide at Haluwa , Gokulganga Rural Municipality-4","[{'id': 5141, 'bbox': [86.14431563505474, 27.50900248089866, 86.21422496296239, 27.55083654596288], 'centroid': {'type': 'Point', 'coordinates': [86.17715613363217, 27.525813778433026]}, 'title': '4', 'municipality': 21002}]",2026-08-30T17:01:03.879229+05:45,2026-08-30T17:01:03.879242+05:45,"बाग्मती, रामेछाप, गोकुलगङ्गा-४ मा पहिरो",,,True,,True,,2026-08-30T00:00:00+05:45,2026-08-30T16:44:40+05:45,Haluwa ,,False,,,89801,drr_api,other,,17,,,Point,"[86.18811, 27.53685]",476989,0,0,0,0,0,0,0,0,0,0,0,0,0,0,0,0,0,0,0,0,0,0,0,0,0,0,0,0,0,0,0,0,0,0,2026-08-30T17:01:03.836026+05:45,2026-08-30T17:01:03.836047+05:45,,,2026-09-17
93828,"Landslide at Kodari , Jugal Rural Municipality-2","[{'id': 2899, 'bbox': [85.69277115075239, 27.85759222359209, 85.79686021919734, 28.04745457767539], 'centroid': {'type': 'Point', 'coordinates': [85.74788858652109, 27.92304375232483]}, 'title': '2', 'municipality': 23007}]",2026-08-30T17:01:03.919783+05:45,2026-08-30T17:01:03.919796+05:45,"बाग्मती, सिन्धुपाल्चोक, जुगल-२ मा पहिरो",,,True,,True,,2026-08-30T00:00:00+05:45,2026-08-30T16:43:41+05:45,Kodari ,,False,,,89800,drr_api,other,,17,,,Point,"[85.75568, 27.90711]",476990,0,0,0,0,0,0,0,0,0,0,0,0,0,0,0,0,0,0,0,0,0,0,0,0,0,0,0,0,0,0,0,0,0,0,2026-08-30T17:01:03.898001+05:45,2026-08-30T17:01:03.898014+05:45,,,2026-09-17
93830,Landslide at Rolpa Municipality-10,"[{'id': 5206, 'bbox': [82.63861451153639, 28.31188034515621, 82.71498855398708, 28.43185746742108], 'centroid': {'type': 'Point', 'coordinates': [82.6765757006369, 28.376573391916143]}, 'title': '10', 'municipality': 53004}]",2026-08-30T17:01:04.018142+05:45,2026-08-30T17:01:04.018154+05:45,"लुम्बिनी, रोल्पा, रोल्पा-१० मा पहिरो",,,True,,True,,2026-08-30T00:00:00+05:45,2026-08-30T16:40:00+05:45,,,False,,,89798,drr_api,other,,17,,,Point,"[82.65523, 28.32432]",476992,0,0,0,0,0,0,0,0,0,0,0,0,0,0,0,0,0,0,0,0,0,0,0,0,0,0,0,0,0,0,0,0,0,0,2026-08-30T17:01:03.987598+05:45,2026-08-30T17:01:03.987610+05:45,,,2026-09-17
93843,Landslide at Mugum Karmarong Rural Municipality-7,"[{'id': 1072, 'bbox': [82.25688081836574, 29.57157879205849, 82.4012624358854, 29.71589185201524], 'centroid': {'type': 'Point', 'coordinates': [82.32912015825325, 29.64956714517233]}, 'title': '7', 'municipality': 65003}]",2026-08-31T09:45:04.207008+05:45,2026-08-31T09:45:04.207025+05:45,"कर्णाली, मुगु, मुगूम कार्मारोङ-७ मा पहिरो",,,True,,True,,2026-08-30T00:00:00+05:45,2026-08-31T09:32:31+05:45,,,False,,,89831,drr_api,other,,17,,,Point,"[82.30447, 29.67916]",477300,0,0,0,0,0,0,0,0,0,0,0,0,0,0,0,0,0,0,0,0,0,0,0,0,0,0,0,0,0,0,0,0,0,0,2026-08-31T09:45:04.162076+05:45,2026-08-31T09:45:04.162092+05:45,,,2026-09-17
93845,Landslide at Rolpa Municipality-10,"[{'id': 5206, 'bbox': [82.63861451153639, 28.31188034515621, 82.71498855398708, 28.43185746742108], 'centroid': {'type': 'Point', 'coordinates': [82.6765757006369, 28.376573391916143]}, 'title': '10', 'municipality': 53004}]",2026-08-31T09:45:04.314935+05:45,2026-08-31T09:45:04.314952+05:45,"लुम्बिनी, रोल्पा, रोल्पा-१० मा पहिरो",,,True,,True,,2026-08-30T00:00:00+05:45,2026-08-31T09:28:21+05:45,,,False,,,89829,drr_api,other,,17,,,Point,"[82.65523, 28.32432]",477306,0,0,0,0,0,0,0,0,0,0,0,0,0,0,0,0,0,0,0,1,0,0,0,0,0,0,0,0,0,0,0,0,0,0,2026-08-31T09:45:04.282462+05:45,2026-08-31T09:45:04.282475+05:45,,,2026-09-17
93849,"Landslide at Galchhi , Shikhar Municipality-2","[{'id': 636, 'bbox': [80.7768293785601, 29.15458592728694, 80.91028982614644, 29.24746268961328], 'centroid': {'type': 'Point', 'coordinates': [80.85332765464327, 29.191427908654234]}, 'title': '2', 'municipality': 70009}]",2026-08-31T09:45:04.483979+05:45,2026-08-31T09:45:04.483995+05:45,"सुदुरपश्चिम, डोटी, शिखर-२ मा पहिरो",,,True,,True,,2026-08-30T00:00:00+05:45,2026-08-31T09:22:39+05:45,Galchhi ,,False,,,89825,drr_api,other,,17,,,Point,"[80.84086, 29.18116]",477312,0,0,0,0,0,0,0,0,0,0,0,0,0,0,0,0,0,0,0,0,0,0,0,0,0,0,0,0,0,0,0,0,0,0,2026-08-31T09:45:04.459072+05:45,2026-08-31T09:45:04.459084+05:45,,,2026-09-17
93850,Landslide at Bigu Rural Municipality-1,"[{'id': 572, 'bbox': [86.0792782162678, 27.81742183303057, 86.2999820554539, 28.17417556641991], 'centroid': {'type': 'Point', 'coordinates': [86.17999800168477, 27.985971462345358]}, 'title': '1', 'municipality': 22003}]",2026-08-31T09:45:04.527436+05:45,2026-08-31T09:45:04.527450+05:45,"बाग्मती, दोलखा, विगु-१ मा पहिरो",,,True,,True,,2026-08-29T00:00:00+05:45,2026-08-31T09:21:49+05:45,,,False,,,89824,drr_api,other,,17,,,Point,"[86.22218, 27.82349]",477313,0,0,0,0,0,0,0,0,0,0,0,0,0,0,0,0,0,0,0,0,0,0,0,0,0,0,0,0,0,0,0,0,0,0,2026-08-31T09:45:04.502524+05:45,2026-08-31T09:45:04.502537+05:45,,,2026-09-17
93851,Landslide at Shikhar Municipality-2,"[{'id': 636, 'bbox': [80.7768293785601, 29.15458592728694, 80.91028982614644, 29.24746268961328], 'centroid': {'type': 'Point', 'coordinates': [80.85332765464327, 29.191427908654234]}, 'title': '2', 'municipality': 70009}]",2026-08-31T09:45:04.570054+05:45,2026-08-31T09:45:04.570068+05:45,"सुदुरपश्चिम, डोटी, शिखर-२ मा पहिरो",,,True,,True,,2026-08-30T00:00:00+05:45,2026-08-31T09:19:46+05:45,,,False,,,89823,drr_api,other,,17,,,Point,"[80.84086, 29.18116]",477314,0,0,0,0,0,0,0,0,0,0,0,0,0,0,0,0,0,0,0,0,0,0,0,0,0,0,0,0,0,0,0,0,0,0,2026-08-31T09:45:04.545698+05:45,2026-08-31T09:45:04.545712+05:45,,,2026-09-17
93852,Landslide at Shikhar Municipality-2,"[{'id': 636, 'bbox': [80.7768293785601, 29.15458592728694, 80.91028982614644, 29.24746268961328], 'centroid': {'type': 'Point', 'coordinates': [80.85332765464327, 29.191427908654234]}, 'title': '2', 'municipality': 70009}]",2026-08-31T09:45:04.612871+05:45,2026-08-31T09:45:04.612884+05:45,"सुदुरपश्चिम, डोटी, शिखर-२ मा पहिरो",,,True,,True,,2026-08-30T00:00:00+05:45,2026-08-31T09:18:51+05:45,,,False,,,89822,drr_api,other,,17,,,Point,"[80.84086, 29.18116]",477315,0,0,0,0,0,0,0,0,0,0,0,0,0,0,0,0,0,0,0,0,0,0,0,0,0,0,0,0,0,0,0,0,0,0,2026-08-31T09:45:04.588036+05:45,2026-08-31T09:45:04.588049+05:45,,,2026-09-17
93856,Landslide at Rautamai Rural Municipality-7,"[{'id': 2759, 'bbox': [86.60214311010587, 26.88376528500091, 86.67347334732945, 26.96737099997852], 'centroid': {'type': 'Point', 'coordinates': [86.65134052424591, 26.92556654561526]}, 'title': '7', 'municipality': 14004}]",2026-08-31T09:45:04.798722+05:45,2026-08-31T09:45:04.798743+05:45,"कोशी, उदयपुर, रौतामाई-७ मा पहिरो",,,True,,True,,2026-08-30T00:00:00+05:45,2026-08-31T09:14:03+05:45,,,False,,,89818,drr_api,other,,17,,,Point,"[86.66463, 26.93279]",477319,0,0,0,0,0,0,0,0,0,0,0,0,0,0,0,0,0,0,0,0,0,0,0,0,0,0,0,0,0,0,0,0,0,0,2026-08-31T09:45:04.767307+05:45,2026-08-31T09:45:04.767321+05:45,,,2026-09-17
93862,Landslide at Konjyosom Rural Municipality-4,"[{'id': 2010, 'bbox': [85.31847231099738, 27.53847859557882, 85.36589926246116, 27.55891781512099], 'centroid': {'type': 'Point', 'coordinates': [85.34313296968769, 27.548357961042377]}, 'title': '4', 'municipality': 25003}]",2026-08-31T10:01:03.773424+05:45,2026-08-31T10:01:03.773438+05:45,"बाग्मती, ललितपुर, कोन्ज्योसोम-४ मा पहिरो",,,True,,True,,2026-08-30T00:00:00+05:45,2026-08-31T09:33:43+05:45,,,False,,,89833,drr_api,other,,17,,,Point,"[85.33968, 27.54796]",477325,0,0,0,0,0,0,0,0,0,0,0,0,0,0,0,0,0,0,0,0,0,0,0,0,0,0,0,0,0,0,0,0,0,0,2026-08-31T10:01:03.733058+05:45,2026-08-31T10:01:03.733079+05:45,,,2026-09-17
93864,"Landslide at Shreechaur, Marsyangdi Rural Municipality-7","[{'id': 983, 'bbox': [84.38844356227861, 28.28122196581163, 84.61669057089365, 28.47810652404396], 'centroid': {'type': 'Point', 'coordinates': [84.51408512246087, 28.374490694945]}, 'title': '7', 'municipality': 37006}]",2026-08-31T17:17:04.045165+05:45,2026-08-31T17:17:04.045174+05:45,"गण्डकी, लमजुङ्ग, मर्स्याङदी-७ मा पहिरो",,,True,,True,,2026-08-31T00:00:00+05:45,2026-08-31T17:03:50+05:45,Shreechaur,,False,,,89834,drr_api,other,,17,,,Point,"[84.43609, 28.28362]",477479,0,0,0,0,0,0,0,0,0,0,0,0,0,0,0,0,0,0,0,0,0,0,0,0,0,0,0,0,0,0,0,0,0,0,2026-08-31T17:17:04.013028+05:45,2026-08-31T17:17:04.013036+05:45,,,2026-09-17
93865,"Landslide at Betahani, Rapti Sonari Rural Municipality-2","[{'id': 2164, 'bbox': [81.76489265519477, 28.03224095774756, 82.02039550571845, 28.23270609363356], 'centroid': {'type': 'Point', 'coordinates': [81.91946256799075, 28.118288658622728]}, 'title': '2', 'municipality': 57008}]",2026-08-31T17:33:03.932891+05:45,2026-08-31T17:33:03.932904+05:45,"लुम्बिनी, बाँके, राप्ती सोनारी-२ मा पहिरो",,,True,,True,,2026-08-31T00:00:00+05:45,2026-08-31T17:12:48+05:45,Betahani,,False,,,89842,drr_api,other,,17,,,Point,"[81.84765, 28.09534]",477483,0,0,0,0,0,0,0,0,0,0,0,0,0,0,0,0,0,0,0,0,0,0,0,0,0,0,0,0,0,0,0,0,0,0,2026-08-31T17:33:03.882146+05:45,2026-08-31T17:33:03.882165+05:45,,,2026-09-17
93866,Landslide at Phaktanglung Rural Municipality-6,"[{'id': 1817, 'bbox': [87.71183495064477, 27.49151796370686, 88.20166777425233, 27.90595938122748], 'centroid': {'type': 'Point', 'coordinates': [87.99529468052154, 27.715981601173333]}, 'title': '6', 'municipality': 1005}]",2026-08-31T17:33:03.987232+05:45,2026-08-31T17:33:03.987244+05:45,"कोशी, ताप्लेजुङ्ग, फक्ताङलुङ-६ मा पहिरो",,,True,,True,,2026-08-31T00:00:00+05:45,2026-08-31T17:11:48+05:45,,,False,,,89841,drr_api,other,,17,,,Point,"[87.82613, 27.60988]",477484,0,0,0,0,0,0,0,0,0,0,0,0,0,0,0,0,0,0,0,0,0,0,0,0,0,0,0,0,0,0,0,0,0,0,2026-08-31T17:33:03.954024+05:45,2026-08-31T17:33:03.954035+05:45,,,2026-09-17
93870,"Landslide at Jhore, Lo Ghekar Damodarkunda Rural Municipality-5","[{'id': 5092, 'bbox': [83.82776198734943, 28.83911884569794, 84.24182968493622, 29.07241450071645], 'centroid': {'type': 'Point', 'coordinates': [84.04426129242475, 28.95110920134865]}, 'title': '5', 'municipality': 42002}]",2026-08-31T17:33:04.187131+05:45,2026-08-31T17:33:04.187142+05:45,"गण्डकी, मुस्ताङ्ग, लो-घेकर दामोदरकुण्ड-५ मा पहिरो",,,True,,True,,2026-08-31T00:00:00+05:45,2026-08-31T17:05:33+05:45,Jhore,,False,,,89836,drr_api,other,,17,,,Point,"[83.86811, 28.9548]",477488,0,0,0,0,0,0,0,0,0,0,0,0,0,0,0,0,0,0,0,0,0,0,0,0,0,0,0,0,0,0,0,0,0,0,2026-08-31T17:33:04.144247+05:45,2026-08-31T17:33:04.144266+05:45,,,2026-09-17
93872,"Landslide at Kharkhola, Putha Uttarganga Rural Municipality-4","[{'id': 1452, 'bbox': [82.78596730555095, 28.66662148302739, 82.83889772082979, 28.72272195621301], 'centroid': {'type': 'Point', 'coordinates': [82.8135436912137, 28.69104513140489]}, 'title': '4', 'municipality': 77002}]",2026-08-31T19:33:04.096769+05:45,2026-08-31T19:33:04.096782+05:45,"लुम्बिनी, रुकुम पूर्व, पुथा उत्तरगंगा-४ मा पहिरो",,,True,,True,,2026-08-31T00:00:00+05:45,2026-08-31T19:18:02+05:45,Kharkhola,,False,,,89843,drr_api,other,,17,,,Point,"[82.8108847509242, 28.6739897105719]",477514,0,0,0,0,0,0,0,0,0,0,0,0,0,0,0,0,0,0,0,0,0,0,0,0,0,0,0,0,0,0,0,0,0,0,2026-08-31T19:33:04.066453+05:45,2026-08-31T19:33:04.066466+05:45,,,2026-09-17
93873,"Landslide at Chaurikharka, Dharche Rural Municipality-5","[{'id': 3363, 'bbox': [84.77574082473872, 28.16370382073421, 84.87698766588964, 28.34008661172662], 'centroid': {'type': 'Point', 'coordinates': [84.80557366982208, 28.251908499001544]}, 'title': '5', 'municipality': 36005}]",2026-08-31T19:45:04.819309+05:45,2026-08-31T19:45:04.819322+05:45,"गण्डकी, गोरखा, धार्चे-५ मा पहिरो",,,True,,True,,2026-08-31T00:00:00+05:45,2026-08-31T19:32:33+05:45,Chaurikharka,,False,,,89851,drr_api,other,,17,,,Point,"[84.8101, 28.27345]",477515,0,0,0,0,0,0,0,0,0,0,0,0,0,0,0,0,0,0,0,0,0,0,0,0,0,0,0,0,0,0,0,0,0,0,2026-08-31T19:45:04.763480+05:45,2026-08-31T19:45:04.763501+05:45,,,2026-09-17
93880,Landslide at Shailyashikhar Municipality-6,"[{'id': 410, 'bbox': [80.47471432567463, 29.70139155224242, 80.53449632362573, 29.74684411407291], 'centroid': {'type': 'Point', 'coordinates': [80.50908997671651, 29.721441591440215]}, 'title': '6', 'municipality': 75009}]",2026-09-01T09:01:05.431183+05:45,2026-09-01T09:01:05.431195+05:45,"सुदुरपश्चिम, दार्चुला, शैल्यशिखर-६ मा पहिरो",,,True,,True,,2026-08-31T00:00:00+05:45,2026-09-01T08:35:27+05:45,,,False,,,89869,drr_api,other,,17,,,Point,"[80.51072721, 29.72143699]",477663,0,0,0,0,0,0,0,0,0,0,0,0,0,0,0,0,0,0,0,0,0,0,0,0,0,0,0,0,0,0,0,0,0,0,2026-09-01T09:01:05.386505+05:45,2026-09-01T09:01:05.386524+05:45,,,2026-09-17
93882,Landslide at Godawari Municipality-10,"[{'id': 1961, 'bbox': [85.31130799258747, 27.57908103996488, 85.34561054529973, 27.60289945879164], 'centroid': {'type': 'Point', 'coordinates': [85.32907332543344, 27.589671353063537]}, 'title': '10', 'municipality': 25002}]",2026-09-01T09:01:05.511564+05:45,2026-09-01T09:01:05.511572+05:45,"बाग्मती, ललितपुर, गोदावरी-१० मा पहिरो",,,True,,True,,2026-08-31T00:00:00+05:45,2026-09-01T08:32:54+05:45,,,False,,,89867,drr_api,other,,17,,,Point,"[85.33132146, 27.5894014]",477665,0,0,0,0,0,0,0,0,0,0,0,0,0,0,0,0,0,0,0,0,0,0,0,0,0,0,0,0,0,0,0,0,0,0,2026-09-01T09:01:05.492101+05:45,2026-09-01T09:01:05.492109+05:45,,,2026-09-17
93888,"Landslide at Bhattedanda, Konjyosom Rural Municipality-4","[{'id': 2010, 'bbox': [85.31847231099738, 27.53847859557882, 85.36589926246116, 27.55891781512099], 'centroid': {'type': 'Point', 'coordinates': [85.34313296968769, 27.548357961042377]}, 'title': '4', 'municipality': 25003}]",2026-09-01T09:01:05.750343+05:45,2026-09-01T09:01:05.750354+05:45,"बाग्मती, ललितपुर, कोन्ज्योसोम-४ मा पहिरो",,,True,,True,,2026-08-31T00:00:00+05:45,2026-09-01T08:22:39+05:45,Bhattedanda,,False,,,89861,drr_api,other,,17,,,Point,"[85.33968, 27.54796]",477671,0,0,0,0,0,0,0,0,0,0,0,0,0,0,0,0,0,0,0,0,0,0,0,0,0,0,0,0,0,0,0,0,0,0,2026-09-01T09:01:05.730919+05:45,2026-09-01T09:01:05.730926+05:45,,,2026-09-17
93890,Landslide at Mathagadhi Rural Municipality-1,"[{'id': 5692, 'bbox': [83.59887623312262, 27.81651720081126, 83.66574945952696, 27.87199622148387], 'centroid': {'type': 'Point', 'coordinates': [83.6352295519054, 27.838581031702713]}, 'title': '1', 'municipality': 47002}]",2026-09-01T09:01:05.842722+05:45,2026-09-01T09:01:05.842731+05:45,"लुम्बिनी, पाल्पा, माथागढी-१ मा पहिरो",,,True,,True,,2026-08-31T00:00:00+05:45,2026-09-01T08:21:41+05:45,,,False,,,89859,drr_api,other,,17,,,Point,"[83.63419, 27.82173]",477673,0,0,0,0,0,0,0,0,0,0,0,0,0,0,0,0,0,0,0,0,0,0,0,0,0,0,0,0,0,0,0,0,0,0,2026-09-01T09:01:05.814387+05:45,2026-09-01T09:01:05.814393+05:45,,,2026-09-17
93896,Landslide at Raghuganga Rural Municipality-8,"[{'id': 1115, 'bbox': [83.42055015274315, 28.48904911494293, 83.53806011003846, 28.69745521412912], 'centroid': {'type': 'Point', 'coordinates': [83.48706188827856, 28.588855479454924]}, 'title': '8', 'municipality': 43006}]",2026-09-01T09:01:06.105591+05:45,2026-09-01T09:01:06.105599+05:45,"गण्डकी, म्याग्दी, रघुगंगा-८ मा पहिरो",,,True,,True,,2026-09-01T00:00:00+05:45,2026-09-01T08:06:52+05:45,,,False,,,89853,drr_api,other,,17,,,Point,"[83.48729, 28.54637]",477679,0,0,0,0,0,0,0,0,0,0,0,0,0,0,0,0,0,0,0,0,0,0,0,0,0,0,0,0,0,0,0,0,0,0,2026-09-01T09:01:06.072023+05:45,2026-09-01T09:01:06.072030+05:45,,,2026-09-17
93899,"Landslide at Rakse , Resunga Municipality-14","[{'id': 3239, 'bbox': [83.2750765867576, 28.0768459602673, 83.32676701992544, 28.12053287068505], 'centroid': {'type': 'Point', 'coordinates': [83.3009881609309, 28.101713462199474]}, 'title': '14', 'municipality': 46010}]",2026-09-01T15:17:04.577833+05:45,2026-09-01T15:17:04.577842+05:45,"लुम्बिनी, गुल्मी, रेसुङ्गा-१४ मा पहिरो",,,True,,True,,2026-09-01T00:00:00+05:45,2026-09-01T15:04:08+05:45,Rakse ,,False,,,89870,drr_api,other,,17,,,Point,"[83.31058, 28.09848]",477689,0,0,0,0,0,0,0,0,0,0,0,0,0,0,0,0,0,0,0,0,0,0,0,0,0,0,0,0,0,0,0,0,0,0,2026-09-01T15:17:04.550061+05:45,2026-09-01T15:17:04.550070+05:45,,,2026-09-17
93900,Landslide at Dharche Rural Municipality-5,"[{'id': 3363, 'bbox': [84.77574082473872, 28.16370382073421, 84.87698766588964, 28.34008661172662], 'centroid': {'type': 'Point', 'coordinates': [84.80557366982208, 28.251908499001544]}, 'title': '5', 'municipality': 36005}]",2026-09-01T15:33:03.973203+05:45,2026-09-01T15:33:03.973216+05:45,"गण्डकी, गोरखा, धार्चे-५ मा पहिरो",,,True,,True,,2026-08-31T00:00:00+05:45,2026-09-01T15:14:48+05:45,,,False,,,89878,drr_api,other,,17,,,Point,"[84.8101, 28.27345]",477690,0,0,0,0,0,0,0,0,0,0,0,0,1,1,0,0,0,0,0,1,0,0,0,0,0,0,0,0,0,0,0,0,0,0,2026-09-01T15:33:03.918684+05:45,2026-09-01T15:33:03.918704+05:45,,,2026-09-17
93901,Landslide at Tripurasundari Municipality-11,"[{'id': 5404, 'bbox': [82.66033828719425, 29.02817249530347, 82.73843085485724, 29.07856832725524], 'centroid': {'type': 'Point', 'coordinates': [82.69726342156251, 29.053135492548098]}, 'title': '11', 'municipality': 62008}]",2026-09-01T15:33:04.032946+05:45,2026-09-01T15:33:04.032957+05:45,"कर्णाली, डोल्पा, त्रिपुरासुन्दरी-११ मा पहिरो",,,True,,True,,2026-08-31T00:00:00+05:45,2026-09-01T15:14:01+05:45,,,False,,,89877,drr_api,other,,17,,,Point,"[82.69919097, 29.05303951]",477691,0,0,0,0,0,0,0,0,0,0,0,0,0,0,0,0,0,0,0,1,0,0,0,1,1,0,0,0,0,0,0,0,0,0,2026-09-01T15:33:03.994941+05:45,2026-09-01T15:33:03.994949+05:45,,,2026-09-17
93904,"Landslide at Jhulaghat , Dasharathchanda Municipality-8","[{'id': 82, 'bbox': [80.36238379557543, 29.53330273312168, 80.40605027185661, 29.573672320205], 'centroid': {'type': 'Point', 'coordinates': [80.3919321312317, 29.554762460616328]}, 'title': '8', 'municipality': 74001}]",2026-09-01T15:33:04.159517+05:45,2026-09-01T15:33:04.159527+05:45,"सुदुरपश्चिम, बैतडी, दशरथचन्द-८ मा पहिरो",,,True,,True,,2026-09-01T00:00:00+05:45,2026-09-01T15:10:18+05:45,Jhulaghat ,,False,,,89874,drr_api,other,,17,,,Point,"[80.39355194, 29.55474338]",477694,0,0,0,0,0,0,0,0,0,0,0,0,0,0,0,0,0,0,0,0,0,0,0,0,0,0,0,0,0,0,0,0,0,0,2026-09-01T15:33:04.137993+05:45,2026-09-01T15:33:04.138001+05:45,,,2026-09-17
93905,"Landslide at Dullu , Shikhar Municipality-2","[{'id': 636, 'bbox': [80.7768293785601, 29.15458592728694, 80.91028982614644, 29.24746268961328], 'centroid': {'type': 'Point', 'coordinates': [80.85332765464327, 29.191427908654234]}, 'title': '2', 'municipality': 70009}]",2026-09-01T15:33:04.201786+05:45,2026-09-01T15:33:04.201795+05:45,"सुदुरपश्चिम, डोटी, शिखर-२ मा पहिरो",,,True,,True,,2026-09-01T00:00:00+05:45,2026-09-01T15:08:56+05:45,Dullu ,,False,,,89873,drr_api,other,,17,,,Point,"[80.84086, 29.18116]",477695,0,0,0,0,0,0,0,0,0,0,0,0,0,0,0,0,0,0,0,0,0,0,0,0,0,0,0,0,0,0,0,0,0,0,2026-09-01T15:33:04.178448+05:45,2026-09-01T15:33:04.178457+05:45,,,2026-09-17
93907,Landslide at Kushma Municipality-10,"[{'id': 1323, 'bbox': [83.69072225249714, 28.18684881746844, 83.72463573972028, 28.22469921772501], 'centroid': {'type': 'Point', 'coordinates': [83.70813136136596, 28.206285948599803]}, 'title': '10', 'municipality': 44003}]",2026-09-01T16:01:04.054165+05:45,2026-09-01T16:01:04.054176+05:45,"गण्डकी, पर्वत, कुश्मा-१० मा पहिरो",,,True,,True,,2026-09-01T00:00:00+05:45,2026-09-01T15:44:37+05:45,,,False,,,89879,drr_api,other,,17,,,Point,"[83.69519, 28.20228]",477697,0,0,0,0,0,0,0,0,0,0,0,0,0,0,0,0,0,0,0,1,0,0,0,0,0,0,0,0,0,0,0,0,0,0,2026-09-01T16:01:04.004437+05:45,2026-09-01T16:01:04.004455+05:45,,,2026-09-17
93910,"Landslide at Bahane , Pyuthan Municipality-7","[{'id': 1354, 'bbox': [82.85185576519352, 28.10586252494419, 82.88171111651181, 28.13441900888023], 'centroid': {'type': 'Point', 'coordinates': [82.86603081136651, 28.120935359625292]}, 'title': '7', 'municipality': 52007}]",2026-09-01T17:01:04.447349+05:45,2026-09-01T17:01:04.447358+05:45,"लुम्बिनी, प्युठान, प्यूठान-७ मा पहिरो",,,True,,True,,2026-09-01T00:00:00+05:45,2026-09-01T16:47:03+05:45,Bahane ,,False,,,89883,drr_api,other,,17,,,Point,"[82.85541, 28.1203]",477700,0,0,0,0,0,0,0,0,0,0,0,0,0,0,0,0,0,0,0,0,0,0,0,0,0,0,0,0,0,0,0,0,0,0,2026-09-01T17:01:04.420674+05:45,2026-09-01T17:01:04.420682+05:45,,,2026-09-17
93912,Landslide at Dharche Rural Municipality-5,"[{'id': 3363, 'bbox': [84.77574082473872, 28.16370382073421, 84.87698766588964, 28.34008661172662], 'centroid': {'type': 'Point', 'coordinates': [84.80557366982208, 28.251908499001544]}, 'title': '5', 'municipality': 36005}]",2026-09-01T17:01:04.530853+05:45,2026-09-01T17:01:04.530863+05:45,"गण्डकी, गोरखा, धार्चे-५ मा पहिरो",,,True,,True,,2026-09-01T00:00:00+05:45,2026-09-01T16:45:41+05:45,,,False,,,89881,drr_api,other,,17,,,Point,"[84.8101, 28.27345]",477702,0,0,0,0,0,0,0,0,0,0,0,0,0,0,0,0,0,0,0,0,0,0,0,0,0,0,0,0,0,0,0,0,0,0,2026-09-01T17:01:04.499130+05:45,2026-09-01T17:01:04.499138+05:45,,,2026-09-17
93913,Landslide at Resunga Municipality-14,"[{'id': 3239, 'bbox': [83.2750765867576, 28.0768459602673, 83.32676701992544, 28.12053287068505], 'centroid': {'type': 'Point', 'coordinates': [83.3009881609309, 28.101713462199474]}, 'title': '14', 'municipality': 46010}]",2026-09-01T17:01:04.573735+05:45,2026-09-01T17:01:04.573745+05:45,"लुम्बिनी, गुल्मी, रेसुङ्गा-१४ मा पहिरो",,,True,,True,,2026-09-01T00:00:00+05:45,2026-09-01T16:44:53+05:45,,,False,,,89880,drr_api,other,,17,,,Point,"[83.31058, 28.09848]",477703,0,0,0,0,0,0,0,0,0,0,0,0,0,0,0,0,0,0,0,0,0,0,0,0,0,0,0,0,0,0,0,0,0,0,2026-09-01T17:01:04.546513+05:45,2026-09-01T17:01:04.546523+05:45,,,2026-09-17
93915,Landslide at Shikhar Municipality-2,"[{'id': 636, 'bbox': [80.7768293785601, 29.15458592728694, 80.91028982614644, 29.24746268961328], 'centroid': {'type': 'Point', 'coordinates': [80.85332765464327, 29.191427908654234]}, 'title': '2', 'municipality': 70009}]",2026-09-01T17:17:04.432000+05:45,2026-09-01T17:17:04.432009+05:45,"सुदुरपश्चिम, डोटी, शिखर-२ मा पहिरो",,,True,,True,,2026-09-01T00:00:00+05:45,2026-09-01T16:54:54+05:45,,,False,,,89886,drr_api,other,,17,,,Point,"[80.84086, 29.18116]",477705,0,0,0,0,0,0,0,0,0,0,0,0,0,0,0,0,0,0,0,1,0,0,4,0,0,0,0,0,0,0,0,0,0,0,2026-09-01T17:17:04.408721+05:45,2026-09-01T17:17:04.408731+05:45,,,2026-09-17
93919,Landslide at Apihimal Rural Municipality-6,"[{'id': 439, 'bbox': [80.72150067553008, 29.77443100435173, 80.83223735802406, 29.92995107831543], 'centroid': {'type': 'Point', 'coordinates': [80.7726961759796, 29.846935859604955]}, 'title': '6', 'municipality': 75001}]",2026-09-02T09:17:04.326791+05:45,2026-09-02T09:17:04.326800+05:45,"सुदुरपश्चिम, दार्चुला, अपिहिमाल-६ मा पहिरो",,,True,,True,,2026-09-01T00:00:00+05:45,2026-09-02T08:58:13+05:45,,,False,,,89892,drr_api,other,,17,,,Point,"[80.73694, 29.92362]",477709,0,0,0,0,0,0,0,0,0,0,0,0,0,0,0,0,0,0,0,1,0,0,0,0,0,0,0,0,0,0,0,0,0,0,2026-09-02T09:17:04.301384+05:45,2026-09-02T09:17:04.301391+05:45,,,2026-09-17
93922,Landslide at Suryagadhi Rural Municipality-4,"[{'id': 3655, 'bbox': [85.2144155982161, 27.91643261025398, 85.26486964924018, 27.95002710626517], 'centroid': {'type': 'Point', 'coordinates': [85.24002068671187, 27.932320355821325]}, 'title': '4', 'municipality': 28010}]",2026-09-02T09:17:04.436210+05:45,2026-09-02T09:17:04.436218+05:45,"बाग्मती, नुवाकोट, सूर्यगढी-४ मा पहिरो",,,True,,True,,2026-09-02T00:00:00+05:45,2026-09-02T08:50:11+05:45,,,False,,,89888,drr_api,other,,17,,,Point,"[85.24446, 27.92448]",477712,0,0,0,0,0,0,0,0,0,0,0,0,0,0,0,0,0,0,0,0,0,0,0,0,0,0,0,0,0,0,0,0,0,0,2026-09-02T09:17:04.416823+05:45,2026-09-02T09:17:04.416829+05:45,,,2026-09-17
93923,"Landslide at Talcha , Mugum Karmarong Rural Municipality-7","[{'id': 1072, 'bbox': [82.25688081836574, 29.57157879205849, 82.4012624358854, 29.71589185201524], 'centroid': {'type': 'Point', 'coordinates': [82.32912015825325, 29.64956714517233]}, 'title': '7', 'municipality': 65003}]",2026-09-02T09:33:04.334622+05:45,2026-09-02T09:33:04.334634+05:45,"कर्णाली, मुगु, मुगूम कार्मारोङ-७ मा पहिरो",,,True,,True,,2026-09-01T00:00:00+05:45,2026-09-02T09:18:17+05:45,Talcha ,,False,,,89900,drr_api,other,,17,,,Point,"[82.30447, 29.67916]",477714,0,0,0,0,0,0,0,0,0,0,0,0,0,0,0,0,0,0,0,0,0,0,0,0,0,0,0,0,0,0,0,0,0,0,2026-09-02T09:33:04.272370+05:45,2026-09-02T09:33:04.272387+05:45,,,2026-09-17
93927,"Landslide at Kamerebhir , Netrawati Dabjong Rural Municipality-1","[{'id': 3169, 'bbox': [84.92008081618509, 28.00038688991405, 84.99090155856015, 28.03111331476659], 'centroid': {'type': 'Point', 'coordinates': [84.95780011123587, 28.015367956487673]}, 'title': '1', 'municipality': 30008}]",2026-09-02T09:33:04.527666+05:45,2026-09-02T09:33:04.527674+05:45,"बाग्मती, धादिङ्ग, नेत्रावती डबजोङ-१ मा पहिरो",,,True,,True,,2026-09-01T00:00:00+05:45,2026-09-02T09:08:00+05:45,Kamerebhir ,,False,,,89896,drr_api,other,,17,,,Point,"[84.94688, 28.00638]",477718,0,0,0,0,0,0,0,0,0,0,0,0,0,0,0,0,0,0,0,0,0,0,0,0,0,0,0,0,0,0,0,0,0,0,2026-09-02T09:33:04.507446+05:45,2026-09-02T09:33:04.507454+05:45,,,2026-09-17
93928,Landslide at Kushma Municipality-10,"[{'id': 1323, 'bbox': [83.69072225249714, 28.18684881746844, 83.72463573972028, 28.22469921772501], 'centroid': {'type': 'Point', 'coordinates': [83.70813136136596, 28.206285948599803]}, 'title': '10', 'municipality': 44003}]",2026-09-02T09:45:04.980808+05:45,2026-09-02T09:45:04.980820+05:45,"गण्डकी, पर्वत, कुश्मा-१० मा पहिरो",,,True,,True,,2026-09-01T00:00:00+05:45,2026-09-02T09:30:52+05:45,,,False,,,89905,drr_api,other,,17,,,Point,"[83.69519, 28.20228]",477721,0,0,0,0,0,0,0,0,0,0,0,0,0,0,0,0,0,0,0,1,0,0,0,0,0,0,0,0,0,0,0,0,0,0,2026-09-02T09:45:04.930650+05:45,2026-09-02T09:45:04.930669+05:45,,,2026-09-17
93930,Landslide at Marsyangdi Rural Municipality-7,"[{'id': 983, 'bbox': [84.38844356227861, 28.28122196581163, 84.61669057089365, 28.47810652404396], 'centroid': {'type': 'Point', 'coordinates': [84.51408512246087, 28.374490694945]}, 'title': '7', 'municipality': 37006}]",2026-09-02T09:45:05.086415+05:45,2026-09-02T09:45:05.086430+05:45,"गण्डकी, लमजुङ्ग, मर्स्याङदी-७ मा पहिरो",,,True,,True,,2026-09-01T00:00:00+05:45,2026-09-02T09:26:24+05:45,,,False,,,89903,drr_api,other,,17,,,Point,"[84.43609, 28.28362]",477723,0,0,0,0,0,0,0,0,0,0,0,0,0,0,0,0,0,0,0,0,0,0,0,0,0,0,0,0,0,0,0,0,0,0,2026-09-02T09:45:05.053619+05:45,2026-09-02T09:45:05.053630+05:45,,,2026-09-17
93931,Landslide at Apihimal Rural Municipality-6,"[{'id': 439, 'bbox': [80.72150067553008, 29.77443100435173, 80.83223735802406, 29.92995107831543], 'centroid': {'type': 'Point', 'coordinates': [80.7726961759796, 29.846935859604955]}, 'title': '6', 'municipality': 75001}]",2026-09-02T09:45:05.133082+05:45,2026-09-02T09:45:05.133096+05:45,"सुदुरपश्चिम, दार्चुला, अपिहिमाल-६ मा पहिरो",,,True,,True,,2026-09-01T00:00:00+05:45,2026-09-02T09:25:28+05:45,,,False,,,89902,drr_api,other,,17,,,Point,"[80.73694, 29.92362]",477724,0,0,0,0,0,0,0,0,0,0,0,0,0,0,0,0,0,0,0,4,0,0,0,0,0,0,0,0,0,0,0,0,0,0,2026-09-02T09:45:05.103966+05:45,2026-09-02T09:45:05.103981+05:45,,,2026-09-17
93934,"Landslide at Khokse Khola , Phaktanglung Rural Municipality-6","[{'id': 1817, 'bbox': [87.71183495064477, 27.49151796370686, 88.20166777425233, 27.90595938122748], 'centroid': {'type': 'Point', 'coordinates': [87.99529468052154, 27.715981601173333]}, 'title': '6', 'municipality': 1005}]",2026-09-02T10:01:04.450893+05:45,2026-09-02T10:01:04.450902+05:45,"कोशी, ताप्लेजुङ्ग, फक्ताङलुङ-६ मा पहिरो",,,True,,True,,2026-09-01T00:00:00+05:45,2026-09-02T09:45:34+05:45,Khokse Khola ,,False,,,89913,drr_api,other,,17,,,Point,"[87.82613, 27.60988]",477727,0,0,0,0,0,0,0,0,0,0,0,0,0,0,0,0,0,0,0,0,0,0,0,0,0,0,0,0,0,0,0,0,0,0,2026-09-02T10:01:04.417268+05:45,2026-09-02T10:01:04.417277+05:45,,,2026-09-17
93935,Landslide at Alital Rural Municipality-3,"[{'id': 6587, 'bbox': [80.42978266746778, 29.12482712483425, 80.53868024424379, 29.23661865153686], 'centroid': {'type': 'Point', 'coordinates': [80.47788656948356, 29.175760693633613]}, 'title': '3', 'municipality': 73002}]",2026-09-02T10:01:04.491725+05:45,2026-09-02T10:01:04.491734+05:45,"सुदुरपश्चिम, डडेल्धुरा, आलिताल-३ मा पहिरो",,,True,,True,,2026-09-01T00:00:00+05:45,2026-09-02T09:42:55+05:45,,,False,,,89912,drr_api,other,,17,,,Point,"[80.48616, 29.20864]",477728,0,0,0,0,0,0,0,0,0,0,0,0,0,0,0,0,0,0,0,1,0,0,0,0,0,0,0,0,0,0,0,0,0,0,2026-09-02T10:01:04.469714+05:45,2026-09-02T10:01:04.469723+05:45,,,2026-09-17
93937,Landslide at Alital Rural Municipality-3,"[{'id': 6587, 'bbox': [80.42978266746778, 29.12482712483425, 80.53868024424379, 29.23661865153686], 'centroid': {'type': 'Point', 'coordinates': [80.47788656948356, 29.175760693633613]}, 'title': '3', 'municipality': 73002}]",2026-09-02T10:01:04.566658+05:45,2026-09-02T10:01:04.566667+05:45,"सुदुरपश्चिम, डडेल्धुरा, आलिताल-३ मा पहिरो",,,True,,True,,2026-09-01T00:00:00+05:45,2026-09-02T09:40:52+05:45,,,False,,,89910,drr_api,other,,17,,,Point,"[80.48616, 29.20864]",477730,0,0,0,0,0,0,0,0,0,0,0,0,0,0,0,0,0,0,0,0,0,0,0,0,0,0,0,0,0,0,0,0,0,0,2026-09-02T10:01:04.544017+05:45,2026-09-02T10:01:04.544024+05:45,,,2026-09-17
93940,Landslide at Pokhara Metropolitan City-25,"[{'id': 3891, 'bbox': [83.87600820454453, 28.24710107987455, 83.96900172932229, 28.30152431517833], 'centroid': {'type': 'Point', 'coordinates': [83.92289717422891, 28.2774649650508]}, 'title': '25', 'municipality': 40004}]",2026-09-02T10:01:04.688477+05:45,2026-09-02T10:01:04.688485+05:45,"गण्डकी, कास्की, पोखरा-२५ मा पहिरो",,,True,,True,,2026-09-01T00:00:00+05:45,2026-09-02T09:36:57+05:45,,,False,,,89907,drr_api,other,,17,,,Point,"[83.92497561, 28.27727981]",477733,0,0,0,0,0,0,0,0,0,0,0,0,0,0,0,0,0,0,0,0,0,0,0,0,0,0,0,0,0,0,0,0,0,0,2026-09-02T10:01:04.655857+05:45,2026-09-02T10:01:04.655864+05:45,,,2026-09-17
93941,Landslide at Konjyosom Rural Municipality-4,"[{'id': 2010, 'bbox': [85.31847231099738, 27.53847859557882, 85.36589926246116, 27.55891781512099], 'centroid': {'type': 'Point', 'coordinates': [85.34313296968769, 27.548357961042377]}, 'title': '4', 'municipality': 25003}]",2026-09-02T10:01:04.724485+05:45,2026-09-02T10:01:04.724493+05:45,"बाग्मती, ललितपुर, कोन्ज्योसोम-४ मा पहिरो",,,True,,True,,2026-09-01T00:00:00+05:45,2026-09-02T09:35:09+05:45,,,False,,,89906,drr_api,other,,17,,,Point,"[85.33968, 27.54796]",477734,0,0,0,0,0,0,0,0,0,0,0,0,0,0,0,0,0,0,0,0,0,0,0,0,0,0,0,0,0,0,0,0,0,0,2026-09-02T10:01:04.705060+05:45,2026-09-02T10:01:04.705068+05:45,,,2026-09-17
93943,Landslide at Banphikot Rural Municipality-6,"[{'id': 1510, 'bbox': [82.42511762672808, 28.69332701786256, 82.46256073658755, 28.74604354131042], 'centroid': {'type': 'Point', 'coordinates': [82.44612856719381, 28.71816299586738]}, 'title': '6', 'municipality': 54002}]",2026-09-03T09:17:04.216472+05:45,2026-09-03T09:17:04.216484+05:45,"कर्णाली, रुकुम पश्चिम, बाँफिकोट-६ मा पहिरो",,,True,,True,,2026-09-01T00:00:00+05:45,2026-09-03T08:57:57+05:45,,,False,,,89923,drr_api,other,,17,,,Point,"[82.4604515634927, 28.7388378634818]",477810,0,0,0,0,0,0,0,0,0,0,0,0,0,0,0,0,0,0,0,4,0,0,0,0,0,0,0,0,0,0,0,0,0,0,2026-09-03T09:17:04.163632+05:45,2026-09-03T09:17:04.163651+05:45,,,2026-09-17
93945,Landslide at Banphikot Rural Municipality-6,"[{'id': 1510, 'bbox': [82.42511762672808, 28.69332701786256, 82.46256073658755, 28.74604354131042], 'centroid': {'type': 'Point', 'coordinates': [82.44612856719381, 28.71816299586738]}, 'title': '6', 'municipality': 54002}]",2026-09-03T09:17:04.324286+05:45,2026-09-03T09:17:04.324295+05:45,"कर्णाली, रुकुम पश्चिम, बाँफिकोट-६ मा पहिरो",,,True,,True,,2026-09-01T00:00:00+05:45,2026-09-03T08:55:38+05:45,,,False,,,89921,drr_api,other,,17,,,Point,"[82.4604515634927, 28.7388378634818]",477812,0,0,0,0,0,0,0,0,0,0,0,0,0,0,0,0,0,0,0,1,0,0,0,0,0,0,0,0,0,0,0,0,0,0,2026-09-03T09:17:04.293258+05:45,2026-09-03T09:17:04.293265+05:45,,,2026-09-17
93948,Landslide at Alital Rural Municipality-3,"[{'id': 6587, 'bbox': [80.42978266746778, 29.12482712483425, 80.53868024424379, 29.23661865153686], 'centroid': {'type': 'Point', 'coordinates': [80.47788656948356, 29.175760693633613]}, 'title': '3', 'municipality': 73002}]",2026-09-03T09:17:04.451095+05:45,2026-09-03T09:17:04.451104+05:45,"सुदुरपश्चिम, डडेल्धुरा, आलिताल-३ मा पहिरो",,,True,,True,,2026-09-03T00:00:00+05:45,2026-09-03T08:51:44+05:45,,,False,,,89918,drr_api,other,,17,,,Point,"[80.48616, 29.20864]",477815,0,0,0,0,0,0,0,0,0,0,0,0,0,0,0,0,0,0,0,0,0,0,0,0,0,0,0,0,0,0,0,0,0,0,2026-09-03T09:17:04.426981+05:45,2026-09-03T09:17:04.426990+05:45,,,2026-09-17
93950,Landslide at Konjyosom Rural Municipality-4,"[{'id': 2010, 'bbox': [85.31847231099738, 27.53847859557882, 85.36589926246116, 27.55891781512099], 'centroid': {'type': 'Point', 'coordinates': [85.34313296968769, 27.548357961042377]}, 'title': '4', 'municipality': 25003}]",2026-09-03T09:33:03.824754+05:45,2026-09-03T09:33:03.824766+05:45,"बाग्मती, ललितपुर, कोन्ज्योसोम-४ मा पहिरो",,,True,,True,,2026-09-02T00:00:00+05:45,2026-09-03T09:20:35+05:45,,,False,,,89934,drr_api,other,,17,,,Point,"[85.33968, 27.54796]",477818,0,0,0,0,0,0,0,0,0,0,0,0,0,0,0,0,0,0,0,0,0,0,0,0,0,0,0,0,0,0,0,0,0,0,2026-09-03T09:33:03.781657+05:45,2026-09-03T09:33:03.781678+05:45,,,2026-09-17
93954,Landslide at Konjyosom Rural Municipality-4,"[{'id': 2010, 'bbox': [85.31847231099738, 27.53847859557882, 85.36589926246116, 27.55891781512099], 'centroid': {'type': 'Point', 'coordinates': [85.34313296968769, 27.548357961042377]}, 'title': '4', 'municipality': 25003}]",2026-09-03T09:33:03.996766+05:45,2026-09-03T09:33:03.996775+05:45,"बाग्मती, ललितपुर, कोन्ज्योसोम-४ मा पहिरो",,,True,,True,,2026-09-02T00:00:00+05:45,2026-09-03T09:17:12+05:45,,,False,,,89930,drr_api,other,,17,,,Point,"[85.33968, 27.54796]",477822,0,0,0,0,0,0,0,0,0,0,0,0,0,0,0,0,0,0,0,0,0,0,0,0,0,0,0,0,0,0,0,0,0,0,2026-09-03T09:33:03.977144+05:45,2026-09-03T09:33:03.977151+05:45,,,2026-09-17
93955,Landslide at Banphikot Rural Municipality-6,"[{'id': 1510, 'bbox': [82.42511762672808, 28.69332701786256, 82.46256073658755, 28.74604354131042], 'centroid': {'type': 'Point', 'coordinates': [82.44612856719381, 28.71816299586738]}, 'title': '6', 'municipality': 54002}]",2026-09-03T09:33:04.040787+05:45,2026-09-03T09:33:04.040797+05:45,"कर्णाली, रुकुम पश्चिम, बाँफिकोट-६ मा पहिरो",,,True,,True,,2026-09-02T00:00:00+05:45,2026-09-03T09:15:46+05:45,,,False,,,89929,drr_api,other,,17,,,Point,"[82.4604515634927, 28.7388378634818]",477823,0,0,0,0,0,0,0,0,0,0,0,0,0,0,0,0,0,0,0,1,0,0,0,0,0,0,0,0,0,0,0,0,0,0,2026-09-03T09:33:04.010687+05:45,2026-09-03T09:33:04.010696+05:45,,,2026-09-17
93956,Landslide at Shikhar Municipality-2,"[{'id': 636, 'bbox': [80.7768293785601, 29.15458592728694, 80.91028982614644, 29.24746268961328], 'centroid': {'type': 'Point', 'coordinates': [80.85332765464327, 29.191427908654234]}, 'title': '2', 'municipality': 70009}]",2026-09-03T09:33:04.081063+05:45,2026-09-03T09:33:04.081074+05:45,"सुदुरपश्चिम, डोटी, शिखर-२ मा पहिरो",,,True,,True,,2026-09-02T00:00:00+05:45,2026-09-03T09:14:50+05:45,,,False,,,89928,drr_api,other,,17,,,Point,"[80.84086, 29.18116]",477824,0,0,0,0,0,0,0,0,0,0,0,0,0,0,0,0,0,0,0,1,0,0,0,0,0,1,0,0,0,0,0,0,0,0,2026-09-03T09:33:04.057179+05:45,2026-09-03T09:33:04.057189+05:45,,100000.0,2026-09-17
93959,Landslide at Jugal Rural Municipality-2,"[{'id': 2899, 'bbox': [85.69277115075239, 27.85759222359209, 85.79686021919734, 28.04745457767539], 'centroid': {'type': 'Point', 'coordinates': [85.74788858652109, 27.92304375232483]}, 'title': '2', 'municipality': 23007}]",2026-09-03T09:33:04.232196+05:45,2026-09-03T09:33:04.232206+05:45,"बाग्मती, सिन्धुपाल्चोक, जुगल-२ मा पहिरो",,,True,,True,,2026-09-02T00:00:00+05:45,2026-09-03T09:06:35+05:45,,,False,,,89925,drr_api,other,,17,,,Point,"[85.75568, 27.90711]",477827,0,0,0,0,0,0,0,0,0,0,0,0,0,0,0,0,0,0,0,0,0,0,0,0,0,0,0,0,0,0,0,0,0,0,2026-09-03T09:33:04.210624+05:45,2026-09-03T09:33:04.210631+05:45,,,2026-09-17
93961,Landslide at Marsyangdi Rural Municipality-7,"[{'id': 983, 'bbox': [84.38844356227861, 28.28122196581163, 84.61669057089365, 28.47810652404396], 'centroid': {'type': 'Point', 'coordinates': [84.51408512246087, 28.374490694945]}, 'title': '7', 'municipality': 37006}]",2026-09-03T09:45:04.025679+05:45,2026-09-03T09:45:04.025693+05:45,"गण्डकी, लमजुङ्ग, मर्स्याङदी-७ मा पहिरो",,,True,,True,,2026-09-02T00:00:00+05:45,2026-09-03T09:27:16+05:45,,,False,,,89939,drr_api,other,,17,,,Point,"[84.43609, 28.28362]",477829,0,0,0,0,0,0,0,0,0,0,0,0,0,0,0,0,0,0,0,2,0,0,0,0,0,0,0,0,0,0,0,0,0,0,2026-09-03T09:45:03.967779+05:45,2026-09-03T09:45:03.967800+05:45,,,2026-09-17
93964,Landslide at Netrawati Dabjong Rural Municipality-1,"[{'id': 3169, 'bbox': [84.92008081618509, 28.00038688991405, 84.99090155856015, 28.03111331476659], 'centroid': {'type': 'Point', 'coordinates': [84.95780011123587, 28.015367956487673]}, 'title': '1', 'municipality': 30008}]",2026-09-03T09:45:04.169383+05:45,2026-09-03T09:45:04.169394+05:45,"बाग्मती, धादिङ्ग, नेत्रावती डबजोङ-१ मा पहिरो",,,True,,True,,2026-09-01T00:00:00+05:45,2026-09-03T09:22:59+05:45,,,False,,,89936,drr_api,other,,17,,,Point,"[84.94688, 28.00638]",477832,0,0,0,0,0,0,0,0,0,0,0,0,0,0,0,0,0,0,0,0,0,0,0,0,0,0,0,0,0,0,0,0,0,0,2026-09-03T09:45:04.147950+05:45,2026-09-03T09:45:04.147960+05:45,,,2026-09-17
93966,Landslide at Kageshwori Manahora Municipality-9,"[{'id': 3837, 'bbox': [85.36459130813351, 27.68919261223834, 85.38676171510839, 27.70706524483966], 'centroid': {'type': 'Point', 'coordinates': [85.37430545465124, 27.698841983438815]}, 'title': '9', 'municipality': 27005}]",2026-09-03T10:01:04.084627+05:45,2026-09-03T10:01:04.084639+05:45,"बाग्मती, काठमाण्डौ, कागेश्वरी मनोहरा-९ मा पहिरो",,,True,,True,,2026-09-02T00:00:00+05:45,2026-09-03T09:48:47+05:45,,,False,,,89943,drr_api,other,,17,,,Point,"[85.37856, 27.69912]",477834,0,0,0,0,0,0,0,0,0,0,0,0,0,0,0,0,0,0,0,0,0,0,0,0,0,0,0,0,0,0,0,0,0,0,2026-09-03T10:01:04.042826+05:45,2026-09-03T10:01:04.042847+05:45,,,2026-09-17
93973,Landslide at Rolpa Municipality-10,"[{'id': 5206, 'bbox': [82.63861451153639, 28.31188034515621, 82.71498855398708, 28.43185746742108], 'centroid': {'type': 'Point', 'coordinates': [82.6765757006369, 28.376573391916143]}, 'title': '10', 'municipality': 53004}]",2026-09-03T10:17:04.109076+05:45,2026-09-03T10:17:04.109086+05:45,"लुम्बिनी, रोल्पा, रोल्पा-१० मा पहिरो",,,True,,True,,2026-09-02T00:00:00+05:45,2026-09-03T09:55:57+05:45,,,False,,,89949,drr_api,other,,17,,,Point,"[82.65523, 28.32432]",477841,0,0,0,0,0,0,0,0,0,0,0,0,0,0,0,0,0,0,0,0,0,0,0,0,0,0,0,0,0,0,0,0,0,0,2026-09-03T10:17:04.078888+05:45,2026-09-03T10:17:04.078899+05:45,,,2026-09-17
93976,Landslide at Konjyosom Rural Municipality-4,"[{'id': 2010, 'bbox': [85.31847231099738, 27.53847859557882, 85.36589926246116, 27.55891781512099], 'centroid': {'type': 'Point', 'coordinates': [85.34313296968769, 27.548357961042377]}, 'title': '4', 'municipality': 25003}]",2026-09-03T10:17:04.218242+05:45,2026-09-03T10:17:04.218250+05:45,"बाग्मती, ललितपुर, कोन्ज्योसोम-४ मा पहिरो",,,True,,True,,2026-09-02T00:00:00+05:45,2026-09-03T09:52:35+05:45,,,False,,,89946,drr_api,other,,17,,,Point,"[85.33968, 27.54796]",477844,0,0,0,0,0,0,0,0,0,0,0,0,0,0,0,0,0,0,0,0,0,0,0,0,0,0,0,0,0,0,0,0,0,0,2026-09-03T10:17:04.199940+05:45,2026-09-03T10:17:04.199948+05:45,,,2026-09-17
93978,Landslide at Jagadulla Rural Municipality-3,"[{'id': 5411, 'bbox': [82.59691973362409, 29.11677691138375, 82.61585618624254, 29.12604018280727], 'centroid': {'type': 'Point', 'coordinates': [82.60689506827063, 29.121662405133762]}, 'title': '3', 'municipality': 62003}]",2026-09-03T10:17:04.315519+05:45,2026-09-03T10:17:04.315528+05:45,"कर्णाली, डोल्पा, जगदुल्ला-३ मा पहिरो",,,True,,True,,2026-09-01T00:00:00+05:45,2026-09-03T09:49:29+05:45,,,False,,,89944,drr_api,other,,17,,,Point,"[82.60880915, 29.12157397]",477846,0,0,0,0,0,0,0,0,0,0,0,0,0,0,0,0,0,0,0,0,0,0,0,0,0,0,0,0,0,0,0,0,0,0,2026-09-03T10:17:04.276319+05:45,2026-09-03T10:17:04.276327+05:45,,,2026-09-17
93986,Landslide at Bhumikasthan Municipality-7,"[{'id': 42, 'bbox': [83.01225344475867, 27.93547382555577, 83.07912750132816, 27.98388952239893], 'centroid': {'type': 'Point', 'coordinates': [83.04434061490633, 27.95868158534333]}, 'title': '7', 'municipality': 51001}]",2026-09-04T11:17:03.950040+05:45,2026-09-04T11:17:03.950053+05:45,"लुम्बिनी, अर्घाखाॉची, भूमिकास्थान-७ मा पहिरो",,,True,,True,,2026-09-03T00:00:00+05:45,2026-09-04T11:05:02+05:45,,,False,,,89975,drr_api,other,,17,,,Point,"[83.04234, 27.94393]",477854,0,0,0,0,0,0,0,0,0,0,0,0,0,0,0,0,0,0,0,0,0,0,0,0,0,0,0,0,0,0,0,0,0,0,2026-09-04T11:17:03.900941+05:45,2026-09-04T11:17:03.900958+05:45,,,2026-09-17
93987,Landslide at Konjyosom Rural Municipality-4,"[{'id': 2010, 'bbox': [85.31847231099738, 27.53847859557882, 85.36589926246116, 27.55891781512099], 'centroid': {'type': 'Point', 'coordinates': [85.34313296968769, 27.548357961042377]}, 'title': '4', 'municipality': 25003}]",2026-09-04T11:17:03.988486+05:45,2026-09-04T11:17:03.988496+05:45,"बाग्मती, ललितपुर, कोन्ज्योसोम-४ मा पहिरो",,,True,,True,,2026-09-03T00:00:00+05:45,2026-09-04T11:04:08+05:45,,,False,,,89974,drr_api,other,,17,,,Point,"[85.33968, 27.54796]",477855,0,0,0,0,0,0,0,0,0,0,0,0,0,0,0,0,0,0,0,0,0,0,0,0,0,0,0,0,0,0,0,0,0,0,2026-09-04T11:17:03.968772+05:45,2026-09-04T11:17:03.968783+05:45,,,2026-09-17
93988,Landslide at Alital Rural Municipality-3,"[{'id': 6587, 'bbox': [80.42978266746778, 29.12482712483425, 80.53868024424379, 29.23661865153686], 'centroid': {'type': 'Point', 'coordinates': [80.47788656948356, 29.175760693633613]}, 'title': '3', 'municipality': 73002}]",2026-09-04T11:17:04.025387+05:45,2026-09-04T11:17:04.025397+05:45,"सुदुरपश्चिम, डडेल्धुरा, आलिताल-३ मा पहिरो",,,True,,True,,2026-09-01T00:00:00+05:45,2026-09-04T11:03:56+05:45,,,False,,,89973,drr_api,other,,17,,,Point,"[80.48616, 29.20864]",477856,0,0,0,0,0,0,0,0,0,0,0,0,0,0,0,0,0,0,0,1,0,0,0,0,0,0,0,0,0,0,0,0,0,0,2026-09-04T11:17:04.003514+05:45,2026-09-04T11:17:04.003525+05:45,,,2026-09-17
93991,Landslide at Rolpa Municipality-10,"[{'id': 5206, 'bbox': [82.63861451153639, 28.31188034515621, 82.71498855398708, 28.43185746742108], 'centroid': {'type': 'Point', 'coordinates': [82.6765757006369, 28.376573391916143]}, 'title': '10', 'municipality': 53004}]",2026-09-04T11:17:04.179053+05:45,2026-09-04T11:17:04.179061+05:45,"लुम्बिनी, रोल्पा, रोल्पा-१० मा पहिरो",,,True,,True,,2026-09-03T00:00:00+05:45,2026-09-04T11:00:41+05:45,,,False,,,89969,drr_api,other,,17,,,Point,"[82.65523, 28.32432]",477859,0,0,0,0,0,0,0,0,0,0,0,0,0,0,0,0,0,0,0,0,0,0,0,0,0,0,0,0,0,0,0,0,0,0,2026-09-04T11:17:04.150840+05:45,2026-09-04T11:17:04.150846+05:45,,,2026-09-17
93993,Landslide at Rolpa Municipality-10,"[{'id': 5206, 'bbox': [82.63861451153639, 28.31188034515621, 82.71498855398708, 28.43185746742108], 'centroid': {'type': 'Point', 'coordinates': [82.6765757006369, 28.376573391916143]}, 'title': '10', 'municipality': 53004}]",2026-09-04T11:17:04.262134+05:45,2026-09-04T11:17:04.262141+05:45,"लुम्बिनी, रोल्पा, रोल्पा-१० मा पहिरो",,,True,,True,,2026-09-03T00:00:00+05:45,2026-09-04T10:59:19+05:45,,,False,,,89967,drr_api,other,,17,,,Point,"[82.65523, 28.32432]",477861,0,0,0,0,0,0,0,0,0,0,0,0,0,0,0,0,0,0,0,0,0,0,0,0,0,0,0,0,0,0,0,0,0,0,2026-09-04T11:17:04.234130+05:45,2026-09-04T11:17:04.234137+05:45,,,2026-09-17
94001,Landslide at Dharche Rural Municipality-3,"[{'id': 3385, 'bbox': [84.74876811118146, 28.23077164233649, 84.90869080110355, 28.37644211581681], 'centroid': {'type': 'Point', 'coordinates': [84.8416001917189, 28.312378200362488]}, 'title': '3', 'municipality': 36005}]",2026-09-04T11:33:04.661122+05:45,2026-09-04T11:33:04.661136+05:45,"गण्डकी, गोरखा, धार्चे-३ मा पहिरो",,,True,,True,,2026-09-03T00:00:00+05:45,2026-09-04T11:18:24+05:45,,,False,,,89991,drr_api,other,,17,,,Point,"[84.82312649, 28.25120896]",477869,0,0,0,0,0,0,0,0,0,0,0,0,0,0,0,0,0,0,0,0,0,0,0,0,0,0,0,0,0,0,0,0,0,0,2026-09-04T11:33:04.607421+05:45,2026-09-04T11:33:04.607444+05:45,,,2026-09-17
94002,Landslide at Surnaya Rural Municipality-5,"[{'id': 64, 'bbox': [80.56295373681648, 29.48352758960053, 80.63783940294728, 29.55263875077424], 'centroid': {'type': 'Point', 'coordinates': [80.59956581027073, 29.515306750875478]}, 'title': '5', 'municipality': 74010}]",2026-09-04T11:33:04.705290+05:45,2026-09-04T11:33:04.705301+05:45,"सुदुरपश्चिम, बैतडी, सुर्नया-५ मा पहिरो",,,True,,True,,2026-09-03T00:00:00+05:45,2026-09-04T11:17:47+05:45,,,False,,,89990,drr_api,other,,17,,,Point,"[80.57647, 29.50844]",477870,0,0,0,0,0,0,0,0,0,0,0,0,0,0,0,0,0,0,0,0,0,0,0,0,0,0,0,0,0,0,0,0,0,0,2026-09-04T11:33:04.682265+05:45,2026-09-04T11:33:04.682276+05:45,,,2026-09-17
94003,Landslide at Rolpa Municipality-10,"[{'id': 5206, 'bbox': [82.63861451153639, 28.31188034515621, 82.71498855398708, 28.43185746742108], 'centroid': {'type': 'Point', 'coordinates': [82.6765757006369, 28.376573391916143]}, 'title': '10', 'municipality': 53004}]",2026-09-04T11:33:04.752243+05:45,2026-09-04T11:33:04.752253+05:45,"लुम्बिनी, रोल्पा, रोल्पा-१० मा पहिरो",,,True,,True,,2026-09-03T00:00:00+05:45,2026-09-04T11:17:43+05:45,,,False,,,89989,drr_api,other,,17,,,Point,"[82.65523, 28.32432]",477871,0,0,0,0,0,0,0,0,0,0,0,0,0,0,0,0,0,0,0,0,0,0,0,0,0,0,0,0,0,0,0,0,0,0,2026-09-04T11:33:04.722958+05:45,2026-09-04T11:33:04.722968+05:45,,,2026-09-17
94005,Landslide at Sharada Municipality-9,"[{'id': 1591, 'bbox': [82.04183370372994, 28.33689376936266, 82.10706920390882, 28.41133874426076], 'centroid': {'type': 'Point', 'coordinates': [82.07725721814062, 28.370918275798747]}, 'title': '9', 'municipality': 55009}]",2026-09-04T11:33:04.851080+05:45,2026-09-04T11:33:04.851090+05:45,"कर्णाली, सल्यान, शारदा-९ मा पहिरो",,,True,,True,,2026-09-03T00:00:00+05:45,2026-09-04T11:15:25+05:45,,,False,,,89987,drr_api,other,,17,,,Point,"[82.09154, 28.4]",477873,0,0,0,0,0,0,0,0,0,0,0,0,0,0,0,0,0,0,0,0,0,0,0,0,0,0,0,0,0,0,0,0,0,0,2026-09-04T11:33:04.818514+05:45,2026-09-04T11:33:04.818523+05:45,,,2026-09-17
94006,Landslide at Barahtal Rural Municipality-8,"[{'id': 2620, 'bbox': [81.45289761945138, 28.59842688603704, 81.56253372091385, 28.72631796477001], 'centroid': {'type': 'Point', 'coordinates': [81.51030653069022, 28.680430957031547]}, 'title': '8', 'municipality': 59001}]",2026-09-04T11:33:04.901147+05:45,2026-09-04T11:33:04.901157+05:45,"कर्णाली, सुर्खेत, बराहताल-८ मा पहिरो",,,True,,True,,2026-09-03T00:00:00+05:45,2026-09-04T11:14:50+05:45,,,False,,,89986,drr_api,other,,17,,,Point,"[81.50876, 28.65047]",477874,0,0,0,0,0,0,0,0,0,0,0,0,0,0,0,0,0,0,0,0,0,0,0,0,0,0,0,0,0,0,0,0,0,0,2026-09-04T11:33:04.867209+05:45,2026-09-04T11:33:04.867219+05:45,,,2026-09-17
94010,Landslide at Bigu Rural Municipality-1,"[{'id': 572, 'bbox': [86.0792782162678, 27.81742183303057, 86.2999820554539, 28.17417556641991], 'centroid': {'type': 'Point', 'coordinates': [86.17999800168477, 27.985971462345358]}, 'title': '1', 'municipality': 22003}]",2026-09-04T11:33:05.076263+05:45,2026-09-04T11:33:05.076272+05:45,"बाग्मती, दोलखा, विगु-१ मा पहिरो",,,True,,True,,2026-09-03T00:00:00+05:45,2026-09-04T11:10:45+05:45,,,False,,,89982,drr_api,other,,17,,,Point,"[86.22218, 27.82349]",477878,0,0,0,0,0,0,0,0,0,0,0,0,0,0,0,0,0,0,0,0,0,0,0,0,0,0,0,0,0,0,0,0,0,0,2026-09-04T11:33:05.054074+05:45,2026-09-04T11:33:05.054082+05:45,,,2026-09-17
94011,Landslide at Amargadhi Municipality-10,"[{'id': 6626, 'bbox': [80.61663032467307, 29.29131099960399, 80.65342836771954, 29.31551428909953], 'centroid': {'type': 'Point', 'coordinates': [80.63414691937946, 29.303110317844716]}, 'title': '10', 'municipality': 73003}]",2026-09-04T11:33:05.116151+05:45,2026-09-04T11:33:05.116161+05:45,"सुदुरपश्चिम, डडेल्धुरा, अमरगढी-१० मा पहिरो",,,True,,True,,2026-08-31T00:00:00+05:45,2026-09-04T11:10:05+05:45,,,False,,,89981,drr_api,other,,17,,,Point,"[80.63579452, 29.30306497]",477879,0,0,0,0,0,0,0,0,0,0,0,0,0,0,0,0,0,0,0,1,0,0,0,0,0,0,0,0,0,0,0,0,0,0,2026-09-04T11:33:05.093200+05:45,2026-09-04T11:33:05.093209+05:45,,,2026-09-17
94015,Landslide at Musikot Municipality-14,"[{'id': 1483, 'bbox': [82.36744079238125, 28.61109851423655, 82.41144675860745, 28.64707066898708], 'centroid': {'type': 'Point', 'coordinates': [82.38960741972201, 28.629582641238056]}, 'title': '14', 'municipality': 54004}]",2026-09-04T11:33:05.297967+05:45,2026-09-04T11:33:05.297980+05:45,"कर्णाली, रुकुम पश्चिम, मुसिकोट-१४ मा पहिरो",,,True,,True,,2026-09-02T00:00:00+05:45,2026-09-04T11:07:17+05:45,,,False,,,89977,drr_api,other,,17,,,Point,"[82.39148175, 28.62945126]",477883,0,0,0,0,0,0,0,0,0,0,0,0,0,0,0,0,0,0,0,1,0,0,0,1,1,0,0,0,0,0,0,0,0,0,2026-09-04T11:33:05.266681+05:45,2026-09-04T11:33:05.266689+05:45,,,2026-09-17
94018,"Landslide at Kerabari, Dharche Rural Municipality-5","[{'id': 3363, 'bbox': [84.77574082473872, 28.16370382073421, 84.87698766588964, 28.34008661172662], 'centroid': {'type': 'Point', 'coordinates': [84.80557366982208, 28.251908499001544]}, 'title': '5', 'municipality': 36005}]",2026-09-04T15:33:03.950623+05:45,2026-09-04T15:33:03.950635+05:45,"गण्डकी, गोरखा, धार्चे-५ मा पहिरो",,,True,,True,,2026-09-04T00:00:00+05:45,2026-09-04T15:20:50+05:45,Kerabari,,False,,,89998,drr_api,other,,17,,,Point,"[84.8101, 28.27345]",477908,0,0,0,0,0,0,0,0,0,0,0,0,0,0,0,0,0,0,0,0,0,0,0,0,0,0,0,0,0,0,0,0,0,0,2026-09-04T15:33:03.898420+05:45,2026-09-04T15:33:03.898437+05:45,,,2026-09-17
94019,"Landslide at Shahukharka, Alital Rural Municipality-3","[{'id': 6587, 'bbox': [80.42978266746778, 29.12482712483425, 80.53868024424379, 29.23661865153686], 'centroid': {'type': 'Point', 'coordinates': [80.47788656948356, 29.175760693633613]}, 'title': '3', 'municipality': 73002}]",2026-09-04T15:33:03.994780+05:45,2026-09-04T15:33:03.994790+05:45,"सुदुरपश्चिम, डडेल्धुरा, आलिताल-३ मा पहिरो",,,True,,True,,2026-09-04T00:00:00+05:45,2026-09-04T15:19:33+05:45,Shahukharka,,False,,,89997,drr_api,other,,17,,,Point,"[80.48616, 29.20864]",477909,0,0,0,0,0,0,0,0,0,0,0,0,0,0,0,0,0,0,0,0,0,0,0,0,0,0,0,0,0,0,0,0,0,0,2026-09-04T15:33:03.971452+05:45,2026-09-04T15:33:03.971463+05:45,,,2026-09-17
94020,"Landslide at Dandakharka, Phedap Rural Municipality-3","[{'id': 1831, 'bbox': [87.54506205759039, 27.12262228535875, 87.59479313651167, 27.17792227473837], 'centroid': {'type': 'Point', 'coordinates': [87.56930284748839, 27.150572785847515]}, 'title': '3', 'municipality': 8006}]",2026-09-04T15:33:04.034484+05:45,2026-09-04T15:33:04.034496+05:45,"कोशी, तेह्रथुम, फेदाप-३ मा पहिरो",,,True,,True,,2026-09-04T00:00:00+05:45,2026-09-04T15:18:43+05:45,Dandakharka,,False,,,89996,drr_api,other,,17,,,Point,"[87.5752, 27.13741]",477910,0,0,0,0,0,0,0,0,0,0,0,0,0,0,0,0,0,0,0,0,0,0,0,0,0,0,0,0,0,0,0,0,0,0,2026-09-04T15:33:04.011520+05:45,2026-09-04T15:33:04.011531+05:45,,,2026-09-17
94024,Landslide at Gaumul Rural Municipality-1,"[{'id': 265, 'bbox': [81.4350775749793, 29.51163400320037, 81.57276609166672, 29.69247100517132], 'centroid': {'type': 'Point', 'coordinates': [81.50142523547558, 29.596317065253636]}, 'title': '1', 'municipality': 67005}]",2026-09-04T16:01:05.320854+05:45,2026-09-04T16:01:05.320870+05:45,"सुदुरपश्चिम, बाजुरा, गौमुल-१ मा पहिरो",,,True,,True,,2026-09-04T00:00:00+05:45,2026-09-04T15:29:55+05:45,,,False,,,90005,drr_api,other,,17,,,Point,"[81.49045, 29.5579]",477916,0,0,0,0,0,0,0,0,0,0,0,0,0,0,0,0,0,0,0,1,0,0,3,0,0,0,0,0,0,0,0,0,0,0,2026-09-04T16:01:05.277386+05:45,2026-09-04T16:01:05.277407+05:45,,,2026-09-17
94027,"Landslide at Ratamata, Pachaljharana Rural Municipality-3","[{'id': 829, 'bbox': [81.70255866427568, 29.17727991784538, 81.80798062653477, 29.25665096067063], 'centroid': {'type': 'Point', 'coordinates': [81.74744218320588, 29.220654101667954]}, 'title': '3', 'municipality': 64005}]",2026-09-04T16:01:05.462957+05:45,2026-09-04T16:01:05.462967+05:45,"कर्णाली, कालिकोट, पचालझरना-३ मा पहिरो",,,True,,True,,2026-09-04T00:00:00+05:45,2026-09-04T15:25:00+05:45,Ratamata,,False,,,90001,drr_api,other,,17,,,Point,"[81.74506, 29.21559]",477919,0,0,0,0,0,0,0,0,0,0,0,0,0,0,0,0,0,0,0,1,0,0,0,0,0,1,0,0,0,0,0,0,0,0,2026-09-04T16:01:05.433019+05:45,2026-09-04T16:01:05.433029+05:45,,,2026-09-17
94028,Landslide at Surnaya Rural Municipality-5,"[{'id': 64, 'bbox': [80.56295373681648, 29.48352758960053, 80.63783940294728, 29.55263875077424], 'centroid': {'type': 'Point', 'coordinates': [80.59956581027073, 29.515306750875478]}, 'title': '5', 'municipality': 74010}]",2026-09-04T16:01:05.505190+05:45,2026-09-04T16:01:05.505199+05:45,"सुदुरपश्चिम, बैतडी, सुर्नया-५ मा पहिरो",,,True,,True,,2026-09-04T00:00:00+05:45,2026-09-04T15:23:59+05:45,,,False,,,90000,drr_api,other,,17,,,Point,"[80.57647, 29.50844]",477920,0,0,0,0,0,0,0,0,0,0,0,0,0,0,0,0,0,0,0,2,0,0,0,0,0,0,0,0,0,0,0,0,0,0,2026-09-04T16:01:05.481366+05:45,2026-09-04T16:01:05.481376+05:45,,,2026-09-17
94029,"Landslide at Bhattedande, Konjyosom Rural Municipality-4","[{'id': 2010, 'bbox': [85.31847231099738, 27.53847859557882, 85.36589926246116, 27.55891781512099], 'centroid': {'type': 'Point', 'coordinates': [85.34313296968769, 27.548357961042377]}, 'title': '4', 'municipality': 25003}]",2026-09-04T16:01:05.542157+05:45,2026-09-04T16:01:05.542166+05:45,"बाग्मती, ललितपुर, कोन्ज्योसोम-४ मा पहिरो",,,True,,True,,2026-09-04T00:00:00+05:45,2026-09-04T15:21:53+05:45,Bhattedande,,False,,,89999,drr_api,other,,17,,,Point,"[85.33968, 27.54796]",477921,0,0,0,0,0,0,0,0,0,0,0,0,0,0,0,0,0,0,0,0,0,0,0,0,0,0,0,0,0,0,0,0,0,0,2026-09-04T16:01:05.522341+05:45,2026-09-04T16:01:05.522348+05:45,,,2026-09-17
94031,"Landslide at Sisnegadha, Pachaljharana Rural Municipality-3","[{'id': 829, 'bbox': [81.70255866427568, 29.17727991784538, 81.80798062653477, 29.25665096067063], 'centroid': {'type': 'Point', 'coordinates': [81.74744218320588, 29.220654101667954]}, 'title': '3', 'municipality': 64005}]",2026-09-05T16:33:04.211184+05:45,2026-09-05T16:33:04.211197+05:45,"कर्णाली, कालिकोट, पचालझरना-३ मा पहिरो",,,True,,True,,2026-09-05T00:00:00+05:45,2026-09-05T16:19:58+05:45,Sisnegadha,,False,,,90009,drr_api,other,,17,,,Point,"[81.74506, 29.21559]",478058,0,0,0,0,0,0,0,0,0,0,0,0,0,0,0,0,0,0,0,0,0,0,0,0,0,0,0,0,0,0,0,0,0,0,2026-09-05T16:33:04.179488+05:45,2026-09-05T16:33:04.179509+05:45,,,2026-09-17
94032,"Landslide at Singati, Bigu Rural Municipality-1","[{'id': 572, 'bbox': [86.0792782162678, 27.81742183303057, 86.2999820554539, 28.17417556641991], 'centroid': {'type': 'Point', 'coordinates': [86.17999800168477, 27.985971462345358]}, 'title': '1', 'municipality': 22003}]",2026-09-05T16:33:04.249923+05:45,2026-09-05T16:33:04.249934+05:45,"बाग्मती, दोलखा, विगु-१ मा पहिरो",,,True,,True,,2026-09-05T00:00:00+05:45,2026-09-05T16:19:17+05:45,Singati,,False,,,90008,drr_api,other,,17,,,Point,"[86.22218, 27.82349]",478059,0,0,0,0,0,0,0,0,0,0,0,0,0,0,0,0,0,0,0,0,0,0,0,0,0,0,0,0,0,0,0,0,0,0,2026-09-05T16:33:04.226220+05:45,2026-09-05T16:33:04.226230+05:45,,,2026-09-17
94034,Landslide at Pachaljharana Rural Municipality-3,"[{'id': 829, 'bbox': [81.70255866427568, 29.17727991784538, 81.80798062653477, 29.25665096067063], 'centroid': {'type': 'Point', 'coordinates': [81.74744218320588, 29.220654101667954]}, 'title': '3', 'municipality': 64005}]",2026-09-05T16:33:04.345040+05:45,2026-09-05T16:33:04.345050+05:45,"कर्णाली, कालिकोट, पचालझरना-३ मा पहिरो",,,True,,True,,2026-09-05T00:00:00+05:45,2026-09-05T16:17:55+05:45,,,False,,,90006,drr_api,other,,17,,,Point,"[81.74506, 29.21559]",478061,0,0,0,0,0,0,0,0,0,0,0,0,0,0,0,0,0,0,0,0,0,0,0,0,0,0,0,0,0,0,0,0,0,0,2026-09-05T16:33:04.314738+05:45,2026-09-05T16:33:04.314746+05:45,,,2026-09-17
94037,Landslide at Alital Rural Municipality-3,"[{'id': 6587, 'bbox': [80.42978266746778, 29.12482712483425, 80.53868024424379, 29.23661865153686], 'centroid': {'type': 'Point', 'coordinates': [80.47788656948356, 29.175760693633613]}, 'title': '3', 'municipality': 73002}]",2026-09-05T16:45:04.706368+05:45,2026-09-05T16:45:04.706383+05:45,"सुदुरपश्चिम, डडेल्धुरा, आलिताल-३ मा पहिरो",,,True,,True,,2026-09-04T00:00:00+05:45,2026-09-05T16:27:19+05:45,,,False,,,90018,drr_api,other,,17,,,Point,"[80.48616, 29.20864]",478064,0,0,0,0,0,0,0,0,0,0,0,0,0,0,0,0,0,0,0,0,0,0,0,0,0,0,0,0,0,0,0,0,0,0,2026-09-05T16:45:04.681465+05:45,2026-09-05T16:45:04.681479+05:45,,,2026-09-17
94039,Landslide at Machhapuchchhre Rural Municipality-2,"[{'id': 3895, 'bbox': [83.94813971557409, 28.30527699547748, 84.06603577784334, 28.41397834257467], 'centroid': {'type': 'Point', 'coordinates': [84.01017200932827, 28.36222435329435]}, 'title': '2', 'municipality': 40002}]",2026-09-05T16:45:04.801709+05:45,2026-09-06T17:21:04.025844+05:45,"गण्डकी, कास्की, माछापुच्छ्रे-२ मा पहिरो",,,True,,True,,2026-09-05T00:00:00+05:45,2026-09-05T16:25:52+05:45,,,False,,,90016,drr_api,other,,17,,,Point,"[83.99007, 28.34628]",478285,2,2,0,0,0,0,0,0,0,0,0,0,1,1,0,0,0,0,0,2,0,0,0,0,0,0,0,0,0,0,0,0,0,0,2026-09-06T17:21:04.014251+05:45,2026-09-06T17:21:04.014263+05:45,,,2026-09-17
94043,Landslide at Gaumul Rural Municipality-1,"[{'id': 265, 'bbox': [81.4350775749793, 29.51163400320037, 81.57276609166672, 29.69247100517132], 'centroid': {'type': 'Point', 'coordinates': [81.50142523547558, 29.596317065253636]}, 'title': '1', 'municipality': 67005}]",2026-09-05T16:45:05.000787+05:45,2026-09-05T16:45:05.000802+05:45,"सुदुरपश्चिम, बाजुरा, गौमुल-१ मा पहिरो",,,True,,True,,2026-09-05T00:00:00+05:45,2026-09-05T16:22:15+05:45,,,False,,,90012,drr_api,other,,17,,,Point,"[81.49045, 29.5579]",478070,0,0,0,0,0,0,0,0,0,0,0,0,0,0,0,0,0,0,0,0,0,0,0,0,0,0,0,0,0,0,0,0,0,0,2026-09-05T16:45:04.978823+05:45,2026-09-05T16:45:04.978836+05:45,,,2026-09-17
94045,Landslide at Kushma Municipality-10,"[{'id': 1323, 'bbox': [83.69072225249714, 28.18684881746844, 83.72463573972028, 28.22469921772501], 'centroid': {'type': 'Point', 'coordinates': [83.70813136136596, 28.206285948599803]}, 'title': '10', 'municipality': 44003}]",2026-09-06T10:33:04.283075+05:45,2026-09-06T10:33:04.283089+05:45,"गण्डकी, पर्वत, कुश्मा-१० मा पहिरो",,,True,,True,,2026-09-05T00:00:00+05:45,2026-09-06T10:21:07+05:45,,,False,,,90029,drr_api,other,,17,,,Point,"[83.69519, 28.20228]",478131,0,0,0,0,0,0,0,0,0,0,0,0,0,0,0,0,0,0,0,0,0,0,0,0,0,0,0,0,0,0,0,0,0,0,2026-09-06T10:33:04.229687+05:45,2026-09-06T10:33:04.229709+05:45,,,2026-09-17
94047,Landslide at Gauriganga Municipality-9,"[{'id': 5399, 'bbox': [80.82804958992503, 28.70369485686928, 80.89714464510008, 28.7632190565252], 'centroid': {'type': 'Point', 'coordinates': [80.86345244174824, 28.73281967683241]}, 'title': '9', 'municipality': 71005}]",2026-09-06T10:33:04.373290+05:45,2026-09-06T10:33:04.373300+05:45,"सुदुरपश्चिम, कैलाली, गौरीगंगा-९ मा पहिरो",,,True,,True,,2026-09-05T00:00:00+05:45,2026-09-06T10:19:36+05:45,,,False,,,90027,drr_api,other,,17,,,Point,"[80.89463, 28.74013]",478133,0,0,0,0,0,0,0,0,0,0,0,0,0,0,0,0,0,0,0,0,0,0,0,0,0,0,0,0,0,0,0,0,0,0,2026-09-06T10:33:04.349413+05:45,2026-09-06T10:33:04.349421+05:45,,,2026-09-17
94050,"Landslide at Bhattadanda, Konjyosom Rural Municipality-4","[{'id': 2010, 'bbox': [85.31847231099738, 27.53847859557882, 85.36589926246116, 27.55891781512099], 'centroid': {'type': 'Point', 'coordinates': [85.34313296968769, 27.548357961042377]}, 'title': '4', 'municipality': 25003}]",2026-09-06T10:33:04.496754+05:45,2026-09-06T10:33:04.496762+05:45,"बाग्मती, ललितपुर, कोन्ज्योसोम-४ मा पहिरो",,,True,,True,,2026-09-05T00:00:00+05:45,2026-09-06T10:13:45+05:45,Bhattadanda,,False,,,90023,drr_api,other,,17,,,Point,"[85.33968, 27.54796]",478136,0,0,0,0,0,0,0,0,0,0,0,0,0,0,0,0,0,0,0,0,0,0,0,0,0,0,0,0,0,0,0,0,0,0,2026-09-06T10:33:04.477163+05:45,2026-09-06T10:33:04.477170+05:45,,,2026-09-17
94051,"Landslide at Bam, Gaumul Rural Municipality-1","[{'id': 265, 'bbox': [81.4350775749793, 29.51163400320037, 81.57276609166672, 29.69247100517132], 'centroid': {'type': 'Point', 'coordinates': [81.50142523547558, 29.596317065253636]}, 'title': '1', 'municipality': 67005}]",2026-09-06T10:33:04.534158+05:45,2026-09-06T10:33:04.534166+05:45,"सुदुरपश्चिम, बाजुरा, गौमुल-१ मा पहिरो",,,True,,True,,2026-09-05T00:00:00+05:45,2026-09-06T10:13:08+05:45,Bam,,False,,,90022,drr_api,other,,17,,,Point,"[81.49045, 29.5579]",478137,0,0,0,0,0,0,0,0,0,0,0,0,0,0,0,0,0,0,0,0,0,0,0,0,0,0,0,0,0,0,0,0,0,0,2026-09-06T10:33:04.512821+05:45,2026-09-06T10:33:04.512831+05:45,,,2026-09-17
94057,Landslide at Alital Rural Municipality-3,"[{'id': 6587, 'bbox': [80.42978266746778, 29.12482712483425, 80.53868024424379, 29.23661865153686], 'centroid': {'type': 'Point', 'coordinates': [80.47788656948356, 29.175760693633613]}, 'title': '3', 'municipality': 73002}]",2026-09-06T10:45:04.767057+05:45,2026-09-06T10:45:04.767073+05:45,"सुदुरपश्चिम, डडेल्धुरा, आलिताल-३ मा पहिरो",,,True,,True,,2026-09-05T00:00:00+05:45,2026-09-06T10:27:06+05:45,,,False,,,90034,drr_api,other,,17,,,Point,"[80.48616, 29.20864]",478145,0,0,0,0,0,0,0,0,0,0,0,0,0,0,0,0,0,0,0,0,0,0,0,0,0,0,0,0,0,0,0,0,0,0,2026-09-06T10:45:04.742188+05:45,2026-09-06T10:45:04.742199+05:45,,,2026-09-17
94059,Landslide at Pachaljharana Rural Municipality-3,"[{'id': 829, 'bbox': [81.70255866427568, 29.17727991784538, 81.80798062653477, 29.25665096067063], 'centroid': {'type': 'Point', 'coordinates': [81.74744218320588, 29.220654101667954]}, 'title': '3', 'municipality': 64005}]",2026-09-06T10:45:04.866867+05:45,2026-09-06T10:45:04.866881+05:45,"कर्णाली, कालिकोट, पचालझरना-३ मा पहिरो",,,True,,True,,2026-09-05T00:00:00+05:45,2026-09-06T10:23:25+05:45,,,False,,,90032,drr_api,other,,17,,,Point,"[81.74506, 29.21559]",478147,0,0,0,0,0,0,0,0,0,0,0,0,0,0,0,0,0,0,0,0,0,0,0,0,0,0,0,0,0,0,0,0,0,0,2026-09-06T10:45:04.836905+05:45,2026-09-06T10:45:04.836919+05:45,,,2026-09-17
94060,"Landslide at Gagene, Pachaljharana Rural Municipality-3","[{'id': 829, 'bbox': [81.70255866427568, 29.17727991784538, 81.80798062653477, 29.25665096067063], 'centroid': {'type': 'Point', 'coordinates': [81.74744218320588, 29.220654101667954]}, 'title': '3', 'municipality': 64005}]",2026-09-06T10:45:04.914706+05:45,2026-09-06T10:45:04.914720+05:45,"कर्णाली, कालिकोट, पचालझरना-३ मा पहिरो",,,True,,True,,2026-09-05T00:00:00+05:45,2026-09-06T10:22:43+05:45,Gagene,,False,,,90031,drr_api,other,,17,,,Point,"[81.74506, 29.21559]",478148,0,0,0,0,0,0,0,0,0,0,0,0,0,0,0,0,0,0,0,0,0,0,0,0,0,0,0,0,0,0,0,0,0,0,2026-09-06T10:45:04.883094+05:45,2026-09-06T10:45:04.883109+05:45,,,2026-09-17
94061,Landslide at Konjyosom Rural Municipality-4,"[{'id': 2010, 'bbox': [85.31847231099738, 27.53847859557882, 85.36589926246116, 27.55891781512099], 'centroid': {'type': 'Point', 'coordinates': [85.34313296968769, 27.548357961042377]}, 'title': '4', 'municipality': 25003}]",2026-09-06T10:45:04.951947+05:45,2026-09-06T10:45:04.951961+05:45,"बाग्मती, ललितपुर, कोन्ज्योसोम-४ मा पहिरो",,,True,,True,,2026-09-05T00:00:00+05:45,2026-09-06T10:21:46+05:45,,,False,,,90030,drr_api,other,,17,,,Point,"[85.33968, 27.54796]",478149,0,0,0,0,0,0,0,0,0,0,0,0,0,0,0,0,0,0,0,0,0,0,0,0,0,0,0,0,0,0,0,0,0,0,2026-09-06T10:45:04.930793+05:45,2026-09-06T10:45:04.930809+05:45,,,2026-09-17
94063,Landslide at Gaumul Rural Municipality-1,"[{'id': 265, 'bbox': [81.4350775749793, 29.51163400320037, 81.57276609166672, 29.69247100517132], 'centroid': {'type': 'Point', 'coordinates': [81.50142523547558, 29.596317065253636]}, 'title': '1', 'municipality': 67005}]",2026-09-06T11:01:03.966911+05:45,2026-09-06T11:01:03.966920+05:45,"सुदुरपश्चिम, बाजुरा, गौमुल-१ मा पहिरो",,,True,,True,,2026-09-05T00:00:00+05:45,2026-09-06T10:36:44+05:45,,,False,,,90042,drr_api,other,,17,,,Point,"[81.49045, 29.5579]",478151,0,0,0,0,0,0,0,0,0,0,0,0,0,0,0,0,0,0,0,0,0,0,0,0,0,0,0,0,0,0,0,0,0,0,2026-09-06T11:01:03.944792+05:45,2026-09-06T11:01:03.944802+05:45,,,2026-09-17
94064,Landslide at Netrawati Dabjong Rural Municipality-1,"[{'id': 3169, 'bbox': [84.92008081618509, 28.00038688991405, 84.99090155856015, 28.03111331476659], 'centroid': {'type': 'Point', 'coordinates': [84.95780011123587, 28.015367956487673]}, 'title': '1', 'municipality': 30008}]",2026-09-06T11:01:04.003416+05:45,2026-09-06T11:01:04.003425+05:45,"बाग्मती, धादिङ्ग, नेत्रावती डबजोङ-१ मा पहिरो",,,True,,True,,2026-09-05T00:00:00+05:45,2026-09-06T10:35:00+05:45,,,False,,,90041,drr_api,other,,17,,,Point,"[84.94688, 28.00638]",478152,0,0,0,0,0,0,0,0,0,0,0,0,0,0,0,0,0,0,0,0,0,0,0,0,0,0,0,0,0,0,0,0,0,0,2026-09-06T11:01:03.982779+05:45,2026-09-06T11:01:03.982787+05:45,,,2026-09-17
94078,"Landslide at Takurakhal , Mahabu Rural Municipality-2","[{'id': 1863, 'bbox': [81.6669422922144, 28.85294573519976, 81.69991179753748, 28.91271047780762], 'centroid': {'type': 'Point', 'coordinates': [81.68474868059174, 28.8825082581112]}, 'title': '2', 'municipality': 60008}]",2026-09-06T15:45:04.842383+05:45,2026-09-06T15:45:04.842396+05:45,"कर्णाली, दैलेख, महाबु-२ मा पहिरो",,,True,,True,,2026-09-03T00:00:00+05:45,2026-09-06T15:11:14+05:45,Takurakhal ,,False,,,90046,drr_api,other,,17,,,Point,"[81.67138, 28.88537]",478222,0,0,0,0,0,0,0,0,0,0,0,0,0,0,0,0,0,0,0,0,0,0,0,0,0,0,0,0,0,0,0,0,0,0,2026-09-06T15:45:04.808094+05:45,2026-09-06T15:45:04.808109+05:45,,,2026-09-17
94079,Landslide at Apihimal Rural Municipality-6,"[{'id': 439, 'bbox': [80.72150067553008, 29.77443100435173, 80.83223735802406, 29.92995107831543], 'centroid': {'type': 'Point', 'coordinates': [80.7726961759796, 29.846935859604955]}, 'title': '6', 'municipality': 75001}]",2026-09-06T15:45:04.889171+05:45,2026-09-06T15:45:04.889184+05:45,"सुदुरपश्चिम, दार्चुला, अपिहिमाल-६ मा पहिरो",,,True,,True,,2026-09-04T00:00:00+05:45,2026-09-06T15:10:48+05:45,,,False,,,90045,drr_api,other,,17,,,Point,"[80.73694, 29.92362]",478223,0,0,0,0,0,0,0,0,0,0,0,0,0,0,0,0,0,0,0,0,0,0,0,0,0,0,0,0,0,0,0,0,0,0,2026-09-06T15:45:04.860487+05:45,2026-09-06T15:45:04.860510+05:45,,,2026-09-17
94084,"Landslide at Sukebagar , Raghuganga Rural Municipality-8","[{'id': 1115, 'bbox': [83.42055015274315, 28.48904911494293, 83.53806011003846, 28.69745521412912], 'centroid': {'type': 'Point', 'coordinates': [83.48706188827856, 28.588855479454924]}, 'title': '8', 'municipality': 43006}]",2026-09-06T17:01:03.988042+05:45,2026-09-06T17:01:03.988053+05:45,"गण्डकी, म्याग्दी, रघुगंगा-८ मा पहिरो",,,True,,True,,2026-09-05T00:00:00+05:45,2026-09-06T16:47:51+05:45,Sukebagar ,,False,,,90059,drr_api,other,,17,,,Point,"[83.48729, 28.54637]",478269,0,0,0,0,0,0,0,0,0,0,0,0,0,0,0,0,0,0,0,0,0,0,0,0,0,0,0,0,0,0,0,0,0,0,2026-09-06T17:01:03.953359+05:45,2026-09-06T17:01:03.953369+05:45,,,2026-09-17
94085,Landslide at Gaumul Rural Municipality-2,"[{'id': 264, 'bbox': [81.39753698835484, 29.50612732685189, 81.46195633738775, 29.64556527113537], 'centroid': {'type': 'Point', 'coordinates': [81.43100042239773, 29.566651285868044]}, 'title': '2', 'municipality': 67005}]",2026-09-06T17:17:03.804860+05:45,2026-09-06T17:17:03.804875+05:45,"सुदुरपश्चिम, बाजुरा, गौमुल-२ मा पहिरो",,,True,,True,,2026-09-05T00:00:00+05:45,2026-09-06T16:53:28+05:45,,,False,,,90063,drr_api,other,,17,,,Point,"[81.43276191, 29.56660929]",478282,0,0,0,0,0,0,0,0,0,0,0,0,0,0,0,0,0,0,0,16,0,0,0,0,0,0,0,0,0,0,0,0,0,0,2026-09-06T17:17:03.760607+05:45,2026-09-06T17:17:03.760629+05:45,,,2026-09-17
94091,"Landslide at Saunepani , Surnaya Rural Municipality-5","[{'id': 64, 'bbox': [80.56295373681648, 29.48352758960053, 80.63783940294728, 29.55263875077424], 'centroid': {'type': 'Point', 'coordinates': [80.59956581027073, 29.515306750875478]}, 'title': '5', 'municipality': 74010}]",2026-09-07T10:17:04.449516+05:45,2026-09-07T10:17:04.449525+05:45,"सुदुरपश्चिम, बैतडी, सुर्नया-५ मा पहिरो",,,True,,True,,2026-09-07T00:00:00+05:45,2026-09-07T10:00:05+05:45,Saunepani ,,False,,,90065,drr_api,other,,17,,,Point,"[80.57647, 29.50844]",478916,0,0,0,0,0,0,0,0,0,0,0,0,0,0,0,0,0,0,0,0,0,0,0,0,0,0,0,0,0,0,0,0,0,0,2026-09-07T10:17:04.427023+05:45,2026-09-07T10:17:04.427031+05:45,,,2026-09-17
94092,Landslide at Gokulganga Rural Municipality-4,"[{'id': 5141, 'bbox': [86.14431563505474, 27.50900248089866, 86.21422496296239, 27.55083654596288], 'centroid': {'type': 'Point', 'coordinates': [86.17715613363217, 27.525813778433026]}, 'title': '4', 'municipality': 21002}]",2026-09-07T10:17:04.486112+05:45,2026-09-07T10:17:04.486121+05:45,"बाग्मती, रामेछाप, गोकुलगङ्गा-४ मा पहिरो",,,True,,True,,2026-09-07T00:00:00+05:45,2026-09-07T09:59:46+05:45,,,False,,,90064,drr_api,other,,17,,,Point,"[86.18811, 27.53685]",478917,0,0,0,0,0,0,0,0,0,0,0,0,0,0,0,0,0,0,0,0,0,0,0,0,0,0,0,0,0,0,0,0,0,0,2026-09-07T10:17:04.465277+05:45,2026-09-07T10:17:04.465287+05:45,,,2026-09-17
94093,Landslide at Surnaya Rural Municipality-5,"[{'id': 64, 'bbox': [80.56295373681648, 29.48352758960053, 80.63783940294728, 29.55263875077424], 'centroid': {'type': 'Point', 'coordinates': [80.59956581027073, 29.515306750875478]}, 'title': '5', 'municipality': 74010}]",2026-09-07T10:33:03.827255+05:45,2026-09-07T10:33:03.827266+05:45,"सुदुरपश्चिम, बैतडी, सुर्नया-५ मा पहिरो",,,True,,True,,2026-09-06T00:00:00+05:45,2026-09-07T10:21:18+05:45,,,False,,,90079,drr_api,other,,17,,,Point,"[80.57647, 29.50844]",478929,0,0,0,0,0,0,0,0,0,0,0,0,0,0,0,0,0,0,0,18,0,0,0,0,0,0,0,0,0,0,0,0,0,0,2026-09-07T10:33:03.783608+05:45,2026-09-07T10:33:03.783627+05:45,,,2026-09-17
94106,Landslide at Sharada Municipality-9,"[{'id': 1591, 'bbox': [82.04183370372994, 28.33689376936266, 82.10706920390882, 28.41133874426076], 'centroid': {'type': 'Point', 'coordinates': [82.07725721814062, 28.370918275798747]}, 'title': '9', 'municipality': 55009}]",2026-09-07T11:01:04.109702+05:45,2026-09-07T11:01:04.109711+05:45,"कर्णाली, सल्यान, शारदा-९ मा पहिरो",,,True,,True,,2026-09-06T00:00:00+05:45,2026-09-07T10:39:08+05:45,,,False,,,90094,drr_api,other,,17,,,Point,"[82.09154, 28.4]",478942,0,0,0,0,0,0,0,0,0,0,0,0,0,0,0,0,0,0,0,0,0,0,0,0,0,0,0,0,0,0,0,0,0,0,2026-09-07T11:01:04.076404+05:45,2026-09-07T11:01:04.076412+05:45,,,2026-09-17
94111,Landslide at Barahtal Rural Municipality-8,"[{'id': 2620, 'bbox': [81.45289761945138, 28.59842688603704, 81.56253372091385, 28.72631796477001], 'centroid': {'type': 'Point', 'coordinates': [81.51030653069022, 28.680430957031547]}, 'title': '8', 'municipality': 59001}]",2026-09-07T11:01:04.327869+05:45,2026-09-07T11:01:04.327878+05:45,"कर्णाली, सुर्खेत, बराहताल-८ मा पहिरो",,,True,,True,,2026-09-06T00:00:00+05:45,2026-09-07T10:34:03+05:45,,,False,,,90089,drr_api,other,,17,,,Point,"[81.50876, 28.65047]",478947,0,0,0,0,0,0,0,0,0,0,0,0,0,0,0,0,0,0,0,0,0,0,0,0,0,0,0,0,0,0,0,0,0,0,2026-09-07T11:01:04.293216+05:45,2026-09-07T11:01:04.293224+05:45,,,2026-09-17
94115,Landslide at Pachaljharana Rural Municipality-3,"[{'id': 829, 'bbox': [81.70255866427568, 29.17727991784538, 81.80798062653477, 29.25665096067063], 'centroid': {'type': 'Point', 'coordinates': [81.74744218320588, 29.220654101667954]}, 'title': '3', 'municipality': 64005}]",2026-09-07T11:01:04.503345+05:45,2026-09-08T10:45:05.017554+05:45,"कर्णाली, कालिकोट, पचालझरना-३ मा पहिरो",,,True,,True,,2026-09-06T00:00:00+05:45,2026-09-07T10:28:28+05:45,,,False,,,90085,drr_api,other,,17,,,Point,"[81.74506, 29.21559]",479656,0,0,0,0,0,0,0,0,0,0,0,0,0,0,0,0,0,0,0,0,0,0,0,0,0,0,0,0,0,0,0,0,0,0,2026-09-08T10:45:05.009907+05:45,2026-09-08T10:45:05.009918+05:45,,,2026-09-17
94116,Landslide at Pachaljharana Rural Municipality-3,"[{'id': 829, 'bbox': [81.70255866427568, 29.17727991784538, 81.80798062653477, 29.25665096067063], 'centroid': {'type': 'Point', 'coordinates': [81.74744218320588, 29.220654101667954]}, 'title': '3', 'municipality': 64005}]",2026-09-07T11:01:04.548356+05:45,2026-09-07T11:01:04.548364+05:45,"कर्णाली, कालिकोट, पचालझरना-३ मा पहिरो",,,True,,True,,2026-09-06T00:00:00+05:45,2026-09-07T10:26:39+05:45,,,False,,,90084,drr_api,other,,17,,,Point,"[81.74506, 29.21559]",478952,0,0,0,0,0,0,0,0,0,0,0,0,0,0,0,0,0,0,0,0,0,0,0,0,0,0,0,0,0,0,0,0,0,0,2026-09-07T11:01:04.518466+05:45,2026-09-07T11:01:04.518474+05:45,,,2026-09-17
94121,Landslide at Lalitpur Metropolitan City-24,"[{'id': 1967, 'bbox': [85.32401063077911, 27.61910327894924, 85.34288646399443, 27.63802160928437], 'centroid': {'type': 'Point', 'coordinates': [85.33194132476186, 27.628022954307536]}, 'title': '24', 'municipality': 25004}]",2026-09-07T11:17:04.176239+05:45,2026-09-08T11:21:04.006536+05:45,"बाग्मती, ललितपुर, ललितपुर-२४ मा पहिरो",,,True,,True,,2026-09-06T00:00:00+05:45,2026-09-07T11:05:24+05:45,,,False,,,90109,drr_api,other,,17,,,Point,"[85.33419106, 27.62775623]",479663,0,0,0,0,0,0,0,0,0,0,0,0,0,0,0,0,0,0,0,0,0,0,0,0,0,0,0,0,0,0,0,0,0,0,2026-09-08T11:21:03.990437+05:45,2026-09-08T11:21:03.990453+05:45,,,2026-09-17
94122,Landslide at Shey Phoksundo Rural Municipality-99,"[{'id': 5439, 'bbox': [82.74488294577816, 29.03984124230045, 83.10481620768608, 29.36636903371163], 'centroid': {'type': 'Point', 'coordinates': [82.91529138240281, 29.200460696479354]}, 'title': '99', 'municipality': 62006}]",2026-09-07T11:17:04.244086+05:45,2026-09-07T11:17:04.244097+05:45,"कर्णाली, डोल्पा, शे फोक्सुण्डो-९९ मा पहिरो",,,True,,True,,2026-09-06T00:00:00+05:45,2026-09-07T11:03:34+05:45,,,False,,,90108,drr_api,other,,17,,,Point,"[83.03833, 29.21277]",478971,0,0,0,0,0,0,0,0,0,0,0,0,0,0,0,0,0,0,0,0,0,0,0,0,0,0,0,0,0,0,0,0,0,0,2026-09-07T11:17:04.195109+05:45,2026-09-07T11:17:04.195119+05:45,,,2026-09-17
94123,"Landslide at Chhipredaha , Shey Phoksundo Rural Municipality-99","[{'id': 5439, 'bbox': [82.74488294577816, 29.03984124230045, 83.10481620768608, 29.36636903371163], 'centroid': {'type': 'Point', 'coordinates': [82.91529138240281, 29.200460696479354]}, 'title': '99', 'municipality': 62006}]",2026-09-07T11:17:04.313516+05:45,2026-09-07T11:17:04.313526+05:45,"कर्णाली, डोल्पा, शे फोक्सुण्डो-९९ मा पहिरो",,,True,,True,,2026-09-06T00:00:00+05:45,2026-09-07T11:03:18+05:45,Chhipredaha ,,False,,,90107,drr_api,other,,17,,,Point,"[83.03833, 29.21277]",478972,0,0,0,0,0,0,0,0,0,0,0,0,0,0,0,0,0,0,0,0,0,0,0,0,0,0,0,0,0,0,0,0,0,0,2026-09-07T11:17:04.267397+05:45,2026-09-07T11:17:04.267408+05:45,,,2026-09-17
94124,Landslide at Konjyosom Rural Municipality-4,"[{'id': 2010, 'bbox': [85.31847231099738, 27.53847859557882, 85.36589926246116, 27.55891781512099], 'centroid': {'type': 'Point', 'coordinates': [85.34313296968769, 27.548357961042377]}, 'title': '4', 'municipality': 25003}]",2026-09-07T11:17:04.355460+05:45,2026-09-07T11:17:04.355469+05:45,"बाग्मती, ललितपुर, कोन्ज्योसोम-४ मा पहिरो",,,True,,True,,2026-09-06T00:00:00+05:45,2026-09-07T11:00:23+05:45,,,False,,,90105,drr_api,other,,17,,,Point,"[85.33968, 27.54796]",478973,0,0,0,0,0,0,0,0,0,0,0,0,0,0,0,0,0,0,0,0,0,0,0,0,0,0,0,0,0,0,0,0,0,0,2026-09-07T11:17:04.336390+05:45,2026-09-07T11:17:04.336400+05:45,,,2026-09-17
94128,Landslide at Baglung Municipality-13,"[{'id': 5040, 'bbox': [83.61461646325358, 28.20593282883074, 83.66223181156785, 28.24972793429007], 'centroid': {'type': 'Point', 'coordinates': [83.63884928614011, 28.226293044975474]}, 'title': '13', 'municipality': 45002}]",2026-09-07T11:17:04.546165+05:45,2026-09-07T11:17:04.546174+05:45,"गण्डकी, बागलुङ, बागलुङ-१३ मा पहिरो",,,True,,True,,2026-09-05T00:00:00+05:45,2026-09-07T10:54:21+05:45,,,False,,,90101,drr_api,other,,17,,,Point,"[83.64088604, 28.22610661]",478977,0,0,0,0,0,0,0,0,0,0,0,0,0,0,0,0,0,0,0,1,0,0,0,1,1,0,0,0,0,0,0,0,0,0,2026-09-07T11:17:04.516478+05:45,2026-09-07T11:17:04.516486+05:45,,,2026-09-17
94130,Landslide at Rolpa Municipality-10,"[{'id': 5206, 'bbox': [82.63861451153639, 28.31188034515621, 82.71498855398708, 28.43185746742108], 'centroid': {'type': 'Point', 'coordinates': [82.6765757006369, 28.376573391916143]}, 'title': '10', 'municipality': 53004}]",2026-09-07T11:17:04.634631+05:45,2026-09-07T11:17:04.634639+05:45,"लुम्बिनी, रोल्पा, रोल्पा-१० मा पहिरो",,,True,,True,,2026-09-06T00:00:00+05:45,2026-09-07T10:52:01+05:45,,,False,,,90099,drr_api,other,,17,,,Point,"[82.65523, 28.32432]",478979,0,0,0,0,0,0,0,0,0,0,0,0,0,0,0,0,0,0,0,1,0,0,0,0,0,0,0,0,0,0,0,0,0,0,2026-09-07T11:17:04.605938+05:45,2026-09-07T11:17:04.605945+05:45,,,2026-09-17
94132,Landslide at Resunga Municipality-14,"[{'id': 3239, 'bbox': [83.2750765867576, 28.0768459602673, 83.32676701992544, 28.12053287068505], 'centroid': {'type': 'Point', 'coordinates': [83.3009881609309, 28.101713462199474]}, 'title': '14', 'municipality': 46010}]",2026-09-07T11:45:04.544489+05:45,2026-09-07T11:45:04.544512+05:45,"लुम्बिनी, गुल्मी, रेसुङ्गा-१४ मा पहिरो",,,True,,True,,2026-09-06T00:00:00+05:45,2026-09-07T11:11:55+05:45,,,False,,,90112,drr_api,other,,17,,,Point,"[83.31058, 28.09848]",479009,0,0,0,0,0,0,0,0,0,0,0,0,0,0,0,0,0,0,0,0,0,0,0,0,0,0,0,0,0,0,0,0,0,0,2026-09-07T11:45:04.495050+05:45,2026-09-07T11:45:04.495070+05:45,,,2026-09-17
94133,Landslide at Badimalika Municipality-8,"[{'id': 296, 'bbox': [81.45229427828333, 29.3836251191684, 81.57321487061212, 29.46467609123175], 'centroid': {'type': 'Point', 'coordinates': [81.51551678176465, 29.42365670803619]}, 'title': '8', 'municipality': 67001}]",2026-09-07T11:45:04.587111+05:45,2026-09-07T11:45:04.587125+05:45,"सुदुरपश्चिम, बाजुरा, बडीमालिका-८ मा पहिरो",,,True,,True,,2026-09-05T00:00:00+05:45,2026-09-07T11:11:21+05:45,,,False,,,90111,drr_api,other,,17,,,Point,"[81.51729417, 29.42361194]",479010,0,0,0,0,0,0,0,0,0,0,0,0,0,0,0,0,0,0,0,7,0,0,2,1,1,1,0,0,0,0,0,0,0,0,2026-09-07T11:45:04.564150+05:45,2026-09-07T11:45:04.564163+05:45,,,2026-09-17
94141,Landslide at Shey Phoksundo Rural Municipality-99,"[{'id': 5439, 'bbox': [82.74488294577816, 29.03984124230045, 83.10481620768608, 29.36636903371163], 'centroid': {'type': 'Point', 'coordinates': [82.91529138240281, 29.200460696479354]}, 'title': '99', 'municipality': 62006}]",2026-09-07T16:17:04.339244+05:45,2026-09-07T16:17:04.339257+05:45,"कर्णाली, डोल्पा, शे फोक्सुण्डो-९९ मा पहिरो",,,True,,True,,2026-09-06T00:00:00+05:45,2026-09-07T15:59:41+05:45,,,False,,,90121,drr_api,other,,17,,,Point,"[83.03833, 29.21277]",479235,0,0,0,0,0,0,0,0,0,0,0,0,0,0,0,0,0,0,0,13,0,0,80,0,0,0,0,0,0,0,0,0,0,0,2026-09-07T16:17:04.291792+05:45,2026-09-07T16:17:04.291800+05:45,,,2026-09-17
94142,Landslide at Shey Phoksundo Rural Municipality-99,"[{'id': 5439, 'bbox': [82.74488294577816, 29.03984124230045, 83.10481620768608, 29.36636903371163], 'centroid': {'type': 'Point', 'coordinates': [82.91529138240281, 29.200460696479354]}, 'title': '99', 'municipality': 62006}]",2026-09-07T16:17:04.411484+05:45,2026-09-07T16:17:04.411511+05:45,"कर्णाली, डोल्पा, शे फोक्सुण्डो-९९ मा पहिरो",,,True,,True,,2026-09-06T00:00:00+05:45,2026-09-07T15:59:41+05:45,,,False,,,90120,drr_api,other,,17,,,Point,"[83.03833, 29.21277]",479236,0,0,0,0,0,0,0,0,0,0,0,0,0,0,0,0,0,0,0,13,0,0,80,0,0,0,0,0,0,0,0,0,0,0,2026-09-07T16:17:04.364463+05:45,2026-09-07T16:17:04.364473+05:45,,,2026-09-17
94145,Landslide at Khumbu Pasanglhamu Rural Municipality-3,"[{'id': 1730, 'bbox': [86.56391827723195, 27.67450778634889, 86.89989835413523, 27.81638911259845], 'centroid': {'type': 'Point', 'coordinates': [86.7429777027439, 27.75172784553774]}, 'title': '3', 'municipality': 11003}]",2026-09-07T16:17:04.548133+05:45,2026-09-07T16:17:04.548142+05:45,"कोशी, सोलुखुम्बु, खुम्वु पासाङल्हामु-३ मा पहिरो",,,True,,True,,2026-09-07T00:00:00+05:45,2026-09-07T15:54:51+05:45,,,False,,,90117,drr_api,other,,17,,,Point,"[86.68194, 27.72488]",479239,0,0,0,0,0,0,0,0,0,0,0,0,0,0,0,0,0,0,0,2,0,0,0,0,0,0,0,0,0,0,0,0,0,0,2026-09-07T16:17:04.521727+05:45,2026-09-07T16:17:04.521734+05:45,,,2026-09-17
94147,Landslide at Shivanath Rural Municipality-5,"[{'id': 124, 'bbox': [80.33610340570822, 29.37566193235915, 80.39135384085412, 29.43977263456549], 'centroid': {'type': 'Point', 'coordinates': [80.36355981211946, 29.404045246016295]}, 'title': '5', 'municipality': 74008}]",2026-09-07T16:17:04.628021+05:45,2026-09-07T16:17:04.628029+05:45,"सुदुरपश्चिम, बैतडी, शिवनाथ-५ मा पहिरो",,,True,,True,,2026-09-07T00:00:00+05:45,2026-09-07T15:47:53+05:45,,,False,,,90115,drr_api,other,,17,,,Point,"[80.36517128, 29.4040112]",479241,0,0,0,0,0,0,0,0,0,0,0,0,0,0,0,0,0,0,0,2,0,0,0,0,0,0,0,0,0,0,0,0,0,0,2026-09-07T16:17:04.607777+05:45,2026-09-07T16:17:04.607784+05:45,,,2026-09-17
94152,Landslide at Surnaya Rural Municipality-5,"[{'id': 64, 'bbox': [80.56295373681648, 29.48352758960053, 80.63783940294728, 29.55263875077424], 'centroid': {'type': 'Point', 'coordinates': [80.59956581027073, 29.515306750875478]}, 'title': '5', 'municipality': 74010}]",2026-09-07T16:33:04.809650+05:45,2026-09-07T16:33:04.809663+05:45,"सुदुरपश्चिम, बैतडी, सुर्नया-५ मा पहिरो",,,True,,True,,2026-09-07T00:00:00+05:45,2026-09-07T16:14:01+05:45,,,False,,,90132,drr_api,other,,17,,,Point,"[80.57647, 29.50844]",479254,0,0,0,0,0,0,0,0,0,0,0,0,0,0,0,0,0,0,0,0,0,0,0,0,0,0,0,0,0,0,0,0,0,0,2026-09-07T16:33:04.787037+05:45,2026-09-07T16:33:04.787045+05:45,,,2026-09-17
94153,Landslide at Shuklaphanta National Park National Park-99,"[{'id': 6266, 'bbox': [80.09747607509188, 28.73308797652964, 80.38474501573357, 29.05425422047017], 'centroid': {'type': 'Point', 'coordinates': [80.24078320523755, 28.866867820746602]}, 'title': '99', 'municipality': 72099}]",2026-09-07T16:33:04.851747+05:45,2026-09-07T16:33:04.851760+05:45,"सुदुरपश्चिम, कन्चनपुर, शुक्लाफाँटा राष्ट्रिय निकुन्ज-९९ मा पहिरो",,,True,,True,,2026-09-07T00:00:00+05:45,2026-09-07T16:12:52+05:45,,,False,,,90131,drr_api,other,,17,,,Point,"[80.31147, 28.84298]",479255,0,0,0,0,0,0,0,0,0,0,0,0,0,0,0,0,0,0,0,0,0,0,0,0,0,0,0,0,0,0,0,0,0,0,2026-09-07T16:33:04.825918+05:45,2026-09-07T16:33:04.825930+05:45,,,2026-09-17
94155,Landslide at Surma Rural Municipality-1,"[{'id': 164, 'bbox': [81.08536992284085, 29.61750602406108, 81.2229144987075, 29.82287492211457], 'centroid': {'type': 'Point', 'coordinates': [81.14613984642696, 29.705198135779185]}, 'title': '1', 'municipality': 68010}]",2026-09-07T16:33:04.934906+05:45,2026-09-07T16:33:04.934913+05:45,"सुदुरपश्चिम, बझाङ्ग, सूर्मा-१ मा पहिरो",,,True,,True,,2026-09-07T00:00:00+05:45,2026-09-07T16:11:13+05:45,,,False,,,90129,drr_api,other,,17,,,Point,"[81.15534, 29.7171]",479257,0,0,0,0,0,0,0,0,0,0,0,0,0,0,0,0,0,0,0,0,0,0,0,0,0,0,0,0,0,0,0,0,0,0,2026-09-07T16:33:04.910749+05:45,2026-09-07T16:33:04.910757+05:45,,,2026-09-17
94156,Landslide at Gokulganga Rural Municipality-4,"[{'id': 5141, 'bbox': [86.14431563505474, 27.50900248089866, 86.21422496296239, 27.55083654596288], 'centroid': {'type': 'Point', 'coordinates': [86.17715613363217, 27.525813778433026]}, 'title': '4', 'municipality': 21002}]",2026-09-07T16:33:04.971928+05:45,2026-09-07T16:33:04.971937+05:45,"बाग्मती, रामेछाप, गोकुलगङ्गा-४ मा पहिरो",,,True,,True,,2026-09-07T00:00:00+05:45,2026-09-07T16:10:21+05:45,,,False,,,90128,drr_api,other,,17,,,Point,"[86.18811, 27.53685]",479258,0,0,0,0,0,0,0,0,0,0,0,0,0,0,0,0,0,0,0,0,0,0,0,0,0,0,0,0,0,0,0,0,0,0,2026-09-07T16:33:04.951228+05:45,2026-09-07T16:33:04.951236+05:45,,,2026-09-17
94157,Landslide at Alital Rural Municipality-8,"[{'id': 6588, 'bbox': [80.42849774746892, 29.08280232360856, 80.50026005054278, 29.13175434171499], 'centroid': {'type': 'Point', 'coordinates': [80.46279775434054, 29.107265519706196]}, 'title': '8', 'municipality': 73002}]",2026-09-07T16:33:05.007617+05:45,2026-09-07T16:33:05.007627+05:45,"सुदुरपश्चिम, डडेल्धुरा, आलिताल-८ मा पहिरो",,,True,,True,,2026-09-07T00:00:00+05:45,2026-09-07T16:08:02+05:45,,,False,,,90127,drr_api,other,,17,,,Point,"[80.46441897, 29.10720378]",479259,0,0,0,0,0,0,0,0,0,0,0,0,0,0,0,0,0,0,0,0,0,0,0,0,0,0,0,0,0,0,0,0,0,0,2026-09-07T16:33:04.986369+05:45,2026-09-07T16:33:04.986377+05:45,,,2026-09-17
94162,"Landslide at Aaringale, Sharada Municipality-9","[{'id': 1591, 'bbox': [82.04183370372994, 28.33689376936266, 82.10706920390882, 28.41133874426076], 'centroid': {'type': 'Point', 'coordinates': [82.07725721814062, 28.370918275798747]}, 'title': '9', 'municipality': 55009}]",2026-09-08T15:17:04.447141+05:45,2026-09-08T15:17:04.447150+05:45,"कर्णाली, सल्यान, शारदा-९ मा पहिरो",,,True,,True,,2026-09-07T00:00:00+05:45,2026-09-08T15:01:32+05:45,Aaringale,,False,,,90145,drr_api,other,,17,,,Point,"[82.09154, 28.4]",479683,0,0,0,0,0,0,0,0,0,0,0,0,0,0,0,0,0,0,0,0,0,0,0,0,0,0,0,0,0,0,0,0,0,0,2026-09-08T15:17:04.414023+05:45,2026-09-08T15:17:04.414032+05:45,,,2026-09-17
94165,"Landslide at Chachalung, Khumbu Pasanglhamu Rural Municipality-3","[{'id': 1730, 'bbox': [86.56391827723195, 27.67450778634889, 86.89989835413523, 27.81638911259845], 'centroid': {'type': 'Point', 'coordinates': [86.7429777027439, 27.75172784553774]}, 'title': '3', 'municipality': 11003}]",2026-09-08T15:17:04.574347+05:45,2026-09-08T15:17:04.574356+05:45,"कोशी, सोलुखुम्बु, खुम्वु पासाङल्हामु-३ मा पहिरो",,,True,,True,,2026-09-06T00:00:00+05:45,2026-09-08T14:57:47+05:45,Chachalung,,False,,,90142,drr_api,other,,17,,,Point,"[86.68194, 27.72488]",479686,0,0,0,0,0,0,0,0,0,0,0,0,0,0,0,0,0,0,0,1,0,0,0,0,0,0,0,0,0,0,0,0,0,0,2026-09-08T15:17:04.549094+05:45,2026-09-08T15:17:04.549103+05:45,,,2026-09-17
94167,"Landslide at Gothana, Alital Rural Municipality-3","[{'id': 6587, 'bbox': [80.42978266746778, 29.12482712483425, 80.53868024424379, 29.23661865153686], 'centroid': {'type': 'Point', 'coordinates': [80.47788656948356, 29.175760693633613]}, 'title': '3', 'municipality': 73002}]",2026-09-08T15:17:04.656617+05:45,2026-09-08T15:17:04.656624+05:45,"सुदुरपश्चिम, डडेल्धुरा, आलिताल-३ मा पहिरो",,,True,,True,,2026-09-07T00:00:00+05:45,2026-09-08T14:55:22+05:45,Gothana,,False,,,90140,drr_api,other,,17,,,Point,"[80.48616, 29.20864]",479688,0,0,0,0,0,0,0,0,0,0,0,0,0,0,0,0,0,0,0,0,0,0,0,0,0,0,0,0,0,0,0,0,0,0,2026-09-08T15:17:04.634565+05:45,2026-09-08T15:17:04.634571+05:45,,,2026-09-17
94169,"Landslide at Lafabazer, Pachaljharana Rural Municipality-3","[{'id': 829, 'bbox': [81.70255866427568, 29.17727991784538, 81.80798062653477, 29.25665096067063], 'centroid': {'type': 'Point', 'coordinates': [81.74744218320588, 29.220654101667954]}, 'title': '3', 'municipality': 64005}]",2026-09-08T15:17:04.735192+05:45,2026-09-08T15:17:04.735201+05:45,"कर्णाली, कालिकोट, पचालझरना-३ मा पहिरो",,,True,,True,,2026-09-06T00:00:00+05:45,2026-09-08T14:53:53+05:45,Lafabazer,,False,,,90138,drr_api,other,,17,,,Point,"[81.74506, 29.21559]",479690,0,0,0,0,0,0,0,0,0,0,0,0,0,0,0,0,0,0,0,0,0,0,0,0,0,0,0,0,0,0,0,0,0,0,2026-09-08T15:17:04.707261+05:45,2026-09-08T15:17:04.707268+05:45,,,2026-09-17
94171,"Landslide at Chourkhola, Sharada Municipality-9","[{'id': 1591, 'bbox': [82.04183370372994, 28.33689376936266, 82.10706920390882, 28.41133874426076], 'centroid': {'type': 'Point', 'coordinates': [82.07725721814062, 28.370918275798747]}, 'title': '9', 'municipality': 55009}]",2026-09-08T15:33:04.578178+05:45,2026-09-08T15:33:04.578190+05:45,"कर्णाली, सल्यान, शारदा-९ मा पहिरो",,,True,,True,,2026-09-07T00:00:00+05:45,2026-09-08T15:21:27+05:45,Chourkhola,,False,,,90155,drr_api,other,,17,,,Point,"[82.09154, 28.4]",479692,0,0,0,0,0,0,0,0,0,0,0,0,0,0,0,0,0,0,0,0,0,0,0,0,0,0,0,0,0,0,0,0,0,0,2026-09-08T15:33:04.522678+05:45,2026-09-08T15:33:04.522695+05:45,,,2026-09-17
94173,Landslide at Ghorahi Submetropolitan City-5,"[{'id': 3932, 'bbox': [82.33357848097474, 27.92640257270225, 82.46265235342027, 28.02213861573899], 'centroid': {'type': 'Point', 'coordinates': [82.4008822521667, 27.969568803961522]}, 'title': '5', 'municipality': 56005}]",2026-09-08T15:33:04.672875+05:45,2026-09-08T15:33:04.672888+05:45,"लुम्बिनी, दाङ, घोराही-५ मा पहिरो",,,True,,True,,2026-09-07T00:00:00+05:45,2026-09-08T15:19:56+05:45,,,False,,,90153,drr_api,other,,17,,,Point,"[82.44665, 27.9672]",479694,0,0,0,0,0,0,0,0,0,0,0,0,0,0,0,0,0,0,0,0,0,0,0,0,0,0,0,0,0,0,0,0,0,0,2026-09-08T15:33:04.641510+05:45,2026-09-08T15:33:04.641519+05:45,,,2026-09-17
94175,Landslide at Kushma Municipality-10,"[{'id': 1323, 'bbox': [83.69072225249714, 28.18684881746844, 83.72463573972028, 28.22469921772501], 'centroid': {'type': 'Point', 'coordinates': [83.70813136136596, 28.206285948599803]}, 'title': '10', 'municipality': 44003}]",2026-09-08T15:33:04.767968+05:45,2026-09-08T15:33:04.767978+05:45,"गण्डकी, पर्वत, कुश्मा-१० मा पहिरो",,,True,,True,,2026-09-08T00:00:00+05:45,2026-09-08T15:14:15+05:45,,,False,,,90151,drr_api,other,,17,,,Point,"[83.69519, 28.20228]",479696,0,0,0,0,0,0,0,0,0,0,0,0,0,0,0,0,0,0,0,0,0,0,0,0,0,0,0,0,0,0,0,0,0,0,2026-09-08T15:33:04.738284+05:45,2026-09-08T15:33:04.738293+05:45,,,2026-09-17
94181,Landslide at Surnaya Rural Municipality-5,"[{'id': 64, 'bbox': [80.56295373681648, 29.48352758960053, 80.63783940294728, 29.55263875077424], 'centroid': {'type': 'Point', 'coordinates': [80.59956581027073, 29.515306750875478]}, 'title': '5', 'municipality': 74010}]",2026-09-08T16:01:04.574745+05:45,2026-09-08T16:01:04.574755+05:45,"सुदुरपश्चिम, बैतडी, सुर्नया-५ मा पहिरो",,,True,,True,,2026-09-08T00:00:00+05:45,2026-09-08T15:47:43+05:45,,,False,,,90166,drr_api,other,,17,,,Point,"[80.57647, 29.50844]",479702,0,0,0,0,0,0,0,0,0,0,0,0,0,0,0,0,0,0,0,0,0,0,0,0,0,0,0,0,0,0,0,0,0,0,2026-09-08T16:01:04.532617+05:45,2026-09-08T16:01:04.532635+05:45,,,2026-09-17
94188,Landslide at Sharada Municipality-9,"[{'id': 1591, 'bbox': [82.04183370372994, 28.33689376936266, 82.10706920390882, 28.41133874426076], 'centroid': {'type': 'Point', 'coordinates': [82.07725721814062, 28.370918275798747]}, 'title': '9', 'municipality': 55009}]",2026-09-08T16:01:04.861527+05:45,2026-09-08T16:01:04.861537+05:45,"कर्णाली, सल्यान, शारदा-९ मा पहिरो",,,True,,True,,2026-09-07T00:00:00+05:45,2026-09-08T15:35:45+05:45,,,False,,,90159,drr_api,other,,17,,,Point,"[82.09154, 28.4]",479709,1,0,0,0,1,0,0,0,0,0,0,0,1,1,0,0,0,0,0,2,0,0,0,0,0,0,0,0,0,0,0,0,0,0,2026-09-08T16:01:04.829599+05:45,2026-09-08T16:01:04.829608+05:45,,,2026-09-17
94189,"Landslide at Bahaaundanda, Netrawati Dabjong Rural Municipality-1","[{'id': 3169, 'bbox': [84.92008081618509, 28.00038688991405, 84.99090155856015, 28.03111331476659], 'centroid': {'type': 'Point', 'coordinates': [84.95780011123587, 28.015367956487673]}, 'title': '1', 'municipality': 30008}]",2026-09-09T10:33:03.655046+05:45,2026-09-09T10:33:03.655059+05:45,"बाग्मती, धादिङ्ग, नेत्रावती डबजोङ-१ मा पहिरो",,,True,,True,,2026-09-09T00:00:00+05:45,2026-09-09T10:21:06+05:45,Bahaaundanda,,False,,,90172,drr_api,other,,17,,,Point,"[84.94688, 28.00638]",479710,0,0,0,0,0,0,0,0,0,0,0,0,0,0,0,0,0,0,0,0,0,0,0,0,0,0,0,0,0,0,0,0,0,0,2026-09-09T10:33:03.606521+05:45,2026-09-09T10:33:03.606542+05:45,,,2026-09-17
94190,"Landslide at Kamerabhir, Netrawati Dabjong Rural Municipality-1","[{'id': 3169, 'bbox': [84.92008081618509, 28.00038688991405, 84.99090155856015, 28.03111331476659], 'centroid': {'type': 'Point', 'coordinates': [84.95780011123587, 28.015367956487673]}, 'title': '1', 'municipality': 30008}]",2026-09-09T10:33:03.695589+05:45,2026-09-09T10:33:03.695601+05:45,"बाग्मती, धादिङ्ग, नेत्रावती डबजोङ-१ मा पहिरो",,,True,,True,,2026-09-09T00:00:00+05:45,2026-09-09T10:20:31+05:45,Kamerabhir,,False,,,90171,drr_api,other,,17,,,Point,"[84.94688, 28.00638]",479711,0,0,0,0,0,0,0,0,0,0,0,0,0,0,0,0,0,0,0,0,0,0,0,0,0,0,0,0,0,0,0,0,0,0,2026-09-09T10:33:03.673178+05:45,2026-09-09T10:33:03.673189+05:45,,,2026-09-17
94192,Landslide at Resunga Municipality-14,"[{'id': 3239, 'bbox': [83.2750765867576, 28.0768459602673, 83.32676701992544, 28.12053287068505], 'centroid': {'type': 'Point', 'coordinates': [83.3009881609309, 28.101713462199474]}, 'title': '14', 'municipality': 46010}]",2026-09-09T10:33:03.776373+05:45,2026-09-09T10:33:03.776385+05:45,"लुम्बिनी, गुल्मी, रेसुङ्गा-१४ मा पहिरो",,,True,,True,,2026-09-09T00:00:00+05:45,2026-09-09T10:18:40+05:45,,,False,,,90169,drr_api,other,,17,,,Point,"[83.31058, 28.09848]",479713,0,0,0,0,0,0,0,0,0,0,0,0,0,0,0,0,0,0,0,0,0,0,0,0,0,0,0,0,0,0,0,0,0,0,2026-09-09T10:33:03.749161+05:45,2026-09-09T10:33:03.749170+05:45,,,2026-09-17
94193,"Landslide at Chitre, Molung Rural Municipality-1","[{'id': 1173, 'bbox': [86.43498058310864, 27.29580946231011, 86.4844930714219, 27.34125429273922], 'centroid': {'type': 'Point', 'coordinates': [86.45699531522045, 27.323369382770156]}, 'title': '1', 'municipality': 12006}]",2026-09-09T10:33:03.815482+05:45,2026-09-09T10:33:03.815492+05:45,"कोशी, ओखलढुङ्गा, मोलुङ-१ मा पहिरो",,,True,,True,,2026-09-09T00:00:00+05:45,2026-09-09T10:18:11+05:45,Chitre,,False,,,90168,drr_api,other,,17,,,Point,"[86.44629, 27.33592]",479714,0,0,0,0,0,0,0,0,0,0,0,0,0,0,0,0,0,0,0,0,0,0,0,0,0,0,0,0,0,0,0,0,0,0,2026-09-09T10:33:03.792038+05:45,2026-09-09T10:33:03.792048+05:45,,,2026-09-17
94194,Landslide at Sharada Municipality-9,"[{'id': 1591, 'bbox': [82.04183370372994, 28.33689376936266, 82.10706920390882, 28.41133874426076], 'centroid': {'type': 'Point', 'coordinates': [82.07725721814062, 28.370918275798747]}, 'title': '9', 'municipality': 55009}]",2026-09-09T10:33:03.863888+05:45,2026-09-09T10:33:03.863899+05:45,"कर्णाली, सल्यान, शारदा-९ मा पहिरो",,,True,,True,,2026-09-09T00:00:00+05:45,2026-09-09T10:17:33+05:45,,,False,,,90167,drr_api,other,,17,,,Point,"[82.09154, 28.4]",479715,0,0,0,0,0,0,0,0,0,0,0,0,0,0,0,0,0,0,0,0,0,0,0,0,0,0,0,0,0,0,0,0,0,0,2026-09-09T10:33:03.830779+05:45,2026-09-09T10:33:03.830789+05:45,,,2026-09-17
94212,Landslide at Mahabu Rural Municipality-2,"[{'id': 1863, 'bbox': [81.6669422922144, 28.85294573519976, 81.69991179753748, 28.91271047780762], 'centroid': {'type': 'Point', 'coordinates': [81.68474868059174, 28.8825082581112]}, 'title': '2', 'municipality': 60008}]",2026-09-09T12:17:04.404182+05:45,2026-09-09T12:17:04.404191+05:45,"कर्णाली, दैलेख, महाबु-२ मा पहिरो",,,True,,True,,2026-09-08T00:00:00+05:45,2026-09-09T11:50:11+05:45,,,False,,,90177,drr_api,other,,17,,,Point,"[81.67138, 28.88537]",479733,0,0,0,0,0,0,0,0,0,0,0,0,0,0,0,0,0,0,0,0,0,0,0,0,0,0,0,0,0,0,0,0,0,0,2026-09-09T12:17:04.373028+05:45,2026-09-09T12:17:04.373035+05:45,,,2026-09-17
94221,Landslide at Surnaya Rural Municipality-5,"[{'id': 64, 'bbox': [80.56295373681648, 29.48352758960053, 80.63783940294728, 29.55263875077424], 'centroid': {'type': 'Point', 'coordinates': [80.59956581027073, 29.515306750875478]}, 'title': '5', 'municipality': 74010}]",2026-09-09T12:45:04.265538+05:45,2026-09-09T12:45:04.265550+05:45,"सुदुरपश्चिम, बैतडी, सुर्नया-५ मा पहिरो",,,True,,True,,2026-09-08T00:00:00+05:45,2026-09-09T12:27:47+05:45,,,False,,,90201,drr_api,other,,17,,,Point,"[80.57647, 29.50844]",479742,0,0,0,0,0,0,0,0,0,0,0,0,0,0,0,0,0,0,0,1,0,0,0,0,0,0,0,0,0,0,0,0,0,0,2026-09-09T12:45:04.240859+05:45,2026-09-09T12:45:04.240872+05:45,,,2026-09-17
94223,"Landslide at Gangor , Bigu Rural Municipality-1","[{'id': 572, 'bbox': [86.0792782162678, 27.81742183303057, 86.2999820554539, 28.17417556641991], 'centroid': {'type': 'Point', 'coordinates': [86.17999800168477, 27.985971462345358]}, 'title': '1', 'municipality': 22003}]",2026-09-09T12:45:04.363526+05:45,2026-09-09T12:45:04.363540+05:45,"बाग्मती, दोलखा, विगु-१ मा पहिरो",,,True,,True,,2026-09-08T00:00:00+05:45,2026-09-09T12:24:29+05:45,Gangor ,,False,,,90199,drr_api,other,,17,,,Point,"[86.22218, 27.82349]",479744,0,0,0,0,0,0,0,0,0,0,0,0,0,0,0,0,0,0,0,0,0,0,0,0,0,0,0,0,0,0,0,0,0,0,2026-09-09T12:45:04.338574+05:45,2026-09-09T12:45:04.338584+05:45,,,2026-09-17
94224,Landslide at Konjyosom Rural Municipality-4,"[{'id': 2010, 'bbox': [85.31847231099738, 27.53847859557882, 85.36589926246116, 27.55891781512099], 'centroid': {'type': 'Point', 'coordinates': [85.34313296968769, 27.548357961042377]}, 'title': '4', 'municipality': 25003}]",2026-09-09T12:45:04.404754+05:45,2026-09-09T12:45:04.404766+05:45,"बाग्मती, ललितपुर, कोन्ज्योसोम-४ मा पहिरो",,,True,,True,,2026-09-09T00:00:00+05:45,2026-09-09T12:23:41+05:45,,,False,,,90198,drr_api,other,,17,,,Point,"[85.33968, 27.54796]",479745,0,0,0,0,0,0,0,0,0,0,0,0,0,0,0,0,0,0,0,0,0,0,0,0,0,0,0,0,0,0,0,0,0,0,2026-09-09T12:45:04.383040+05:45,2026-09-09T12:45:04.383052+05:45,,,2026-09-17
94225,Landslide at Barahtal Rural Municipality-8,"[{'id': 2620, 'bbox': [81.45289761945138, 28.59842688603704, 81.56253372091385, 28.72631796477001], 'centroid': {'type': 'Point', 'coordinates': [81.51030653069022, 28.680430957031547]}, 'title': '8', 'municipality': 59001}]",2026-09-09T12:45:04.456917+05:45,2026-09-09T12:45:04.456930+05:45,"कर्णाली, सुर्खेत, बराहताल-८ मा पहिरो",,,True,,True,,2026-09-08T00:00:00+05:45,2026-09-09T12:21:44+05:45,,,False,,,90197,drr_api,other,,17,,,Point,"[81.50876, 28.65047]",479746,0,0,0,0,0,0,0,0,0,0,0,0,0,0,0,0,0,0,0,5,0,0,0,0,0,1,0,0,0,0,0,0,0,0,2026-09-09T12:45:04.421915+05:45,2026-09-09T12:45:04.421928+05:45,,,2026-09-17
94232,Landslide at Rolpa Municipality-10,"[{'id': 5206, 'bbox': [82.63861451153639, 28.31188034515621, 82.71498855398708, 28.43185746742108], 'centroid': {'type': 'Point', 'coordinates': [82.6765757006369, 28.376573391916143]}, 'title': '10', 'municipality': 53004}]",2026-09-09T16:33:05.063973+05:45,2026-09-09T16:33:05.063983+05:45,"लुम्बिनी, रोल्पा, रोल्पा-१० मा पहिरो",,,True,,True,,2026-09-09T00:00:00+05:45,2026-09-09T16:10:01+05:45,,,False,,,90210,drr_api,other,,17,,,Point,"[82.65523, 28.32432]",479776,0,0,0,0,0,0,0,0,0,0,0,0,0,0,0,0,0,0,0,1,0,0,0,0,0,0,0,0,0,0,0,0,0,0,2026-09-09T16:33:05.033454+05:45,2026-09-09T16:33:05.033462+05:45,,,2026-09-17
94234,Landslide at Naubahini Rural Municipality-7,"[{'id': 1386, 'bbox': [82.81422564260593, 28.1803526494122, 82.89528290627328, 28.23267024825355], 'centroid': {'type': 'Point', 'coordinates': [82.85196088132345, 28.208119731293124]}, 'title': '7', 'municipality': 52006}]",2026-09-09T17:01:04.628976+05:45,2026-09-09T17:01:04.628989+05:45,"लुम्बिनी, प्युठान, नौबहिनी-७ मा पहिरो",,,True,,True,,2026-09-09T00:00:00+05:45,2026-09-09T16:49:13+05:45,,,False,,,90218,drr_api,other,,17,,,Point,"[82.85389054, 28.20794405]",479784,0,0,0,0,0,0,0,0,0,0,0,0,0,0,0,0,0,0,0,0,0,0,0,0,0,0,0,0,0,0,0,0,0,0,2026-09-09T17:01:04.579244+05:45,2026-09-09T17:01:04.579264+05:45,,,2026-09-17
94236,"Landslide at Barhakilo , Netrawati Dabjong Rural Municipality-1","[{'id': 3169, 'bbox': [84.92008081618509, 28.00038688991405, 84.99090155856015, 28.03111331476659], 'centroid': {'type': 'Point', 'coordinates': [84.95780011123587, 28.015367956487673]}, 'title': '1', 'municipality': 30008}]",2026-09-09T17:01:04.718528+05:45,2026-09-09T17:01:04.718538+05:45,"बाग्मती, धादिङ्ग, नेत्रावती डबजोङ-१ मा पहिरो",,,True,,True,,2026-09-09T00:00:00+05:45,2026-09-09T16:47:45+05:45,Barhakilo ,,False,,,90216,drr_api,other,,17,,,Point,"[84.94688, 28.00638]",479786,0,0,0,0,0,0,0,0,0,0,0,0,0,0,0,0,0,0,0,0,0,0,0,0,0,0,0,0,0,0,0,0,0,0,2026-09-09T17:01:04.697434+05:45,2026-09-09T17:01:04.697444+05:45,,,2026-09-17
94237,Landslide at Thakre Rural Municipality-2,"[{'id': 3118, 'bbox': [85.0118913986418, 27.72624218545305, 85.06781140972063, 27.75992235689559], 'centroid': {'type': 'Point', 'coordinates': [85.03694057940545, 27.743884864055932]}, 'title': '2', 'municipality': 30012}]",2026-09-09T17:01:04.752984+05:45,2026-09-09T17:01:04.752993+05:45,"बाग्मती, धादिङ्ग, थाक्रे-२ मा पहिरो",,,True,,True,,2026-09-09T00:00:00+05:45,2026-09-09T16:47:04+05:45,,,False,,,90215,drr_api,other,,17,,,Point,"[85.039153, 27.74363358]",479787,0,0,0,0,0,0,0,0,0,0,0,0,0,0,0,0,0,0,0,1,0,0,0,0,0,0,0,0,0,0,0,0,0,0,2026-09-09T17:01:04.732350+05:45,2026-09-09T17:01:04.732360+05:45,,,2026-09-17
94243,Landslide at Pachaljharana Rural Municipality-3,"[{'id': 829, 'bbox': [81.70255866427568, 29.17727991784538, 81.80798062653477, 29.25665096067063], 'centroid': {'type': 'Point', 'coordinates': [81.74744218320588, 29.220654101667954]}, 'title': '3', 'municipality': 64005}]",2026-09-09T17:33:04.113625+05:45,2026-09-09T17:33:04.113634+05:45,"कर्णाली, कालिकोट, पचालझरना-३ मा पहिरो",,,True,,True,,2026-09-09T00:00:00+05:45,2026-09-09T16:55:12+05:45,,,False,,,90222,drr_api,other,,17,,,Point,"[81.74506, 29.21559]",479796,0,0,0,0,0,0,0,0,0,0,0,0,0,0,0,0,0,0,0,0,0,0,0,0,0,0,0,0,0,0,0,0,0,0,2026-09-09T17:33:04.083759+05:45,2026-09-09T17:33:04.083767+05:45,,,2026-09-17
94244,Landslide at Inaruwa Municipality-8,"[{'id': 4734, 'bbox': [87.10905232776548, 26.61607891995843, 87.16998942122008, 26.66194624626002], 'centroid': {'type': 'Point', 'coordinates': [87.1317136854626, 26.63682811898139]}, 'title': '8', 'municipality': 6009}]",2026-09-09T17:33:04.154347+05:45,2026-09-09T17:33:04.154356+05:45,"कोशी, सुनसरी, इनरुवा-८ मा पहिरो",,,True,,True,,2026-09-09T00:00:00+05:45,2026-09-09T16:52:08+05:45,,,False,,,90221,drr_api,other,,17,,,Point,"[87.12722, 26.64064]",479797,0,0,0,0,0,0,0,0,0,0,0,0,0,0,0,0,0,0,0,0,0,0,0,0,0,0,0,0,0,0,0,0,0,0,2026-09-09T17:33:04.129902+05:45,2026-09-09T17:33:04.129911+05:45,,,2026-09-17
94255,Landslide at Netrawati Dabjong Rural Municipality-1,"[{'id': 3169, 'bbox': [84.92008081618509, 28.00038688991405, 84.99090155856015, 28.03111331476659], 'centroid': {'type': 'Point', 'coordinates': [84.95780011123587, 28.015367956487673]}, 'title': '1', 'municipality': 30008}]",2026-09-10T11:01:04.116258+05:45,2026-09-10T11:01:04.116267+05:45,"बाग्मती, धादिङ्ग, नेत्रावती डबजोङ-१ मा पहिरो",,,True,,True,,2026-09-09T00:00:00+05:45,2026-09-10T10:34:05+05:45,,,False,,,90230,drr_api,other,,17,,,Point,"[84.94688, 28.00638]",479994,0,0,0,0,0,0,0,0,0,0,0,0,0,0,0,0,0,0,0,0,0,0,0,0,0,0,0,0,0,0,0,0,0,0,2026-09-10T11:01:04.095955+05:45,2026-09-10T11:01:04.095963+05:45,,,2026-09-17
94256,Landslide at Ghorahi Submetropolitan City-5,"[{'id': 3932, 'bbox': [82.33357848097474, 27.92640257270225, 82.46265235342027, 28.02213861573899], 'centroid': {'type': 'Point', 'coordinates': [82.4008822521667, 27.969568803961522]}, 'title': '5', 'municipality': 56005}]",2026-09-10T11:17:03.708048+05:45,2026-09-10T11:17:03.708061+05:45,"लुम्बिनी, दाङ, घोराही-५ मा पहिरो",,,True,,True,,2026-09-09T00:00:00+05:45,2026-09-10T11:04:01+05:45,,,False,,,90246,drr_api,other,,17,,,Point,"[82.44665, 27.9672]",479998,0,0,0,0,0,0,0,0,0,0,0,0,0,0,0,0,0,0,0,0,0,0,0,0,0,0,0,0,0,0,0,0,0,0,2026-09-10T11:17:03.657387+05:45,2026-09-10T11:17:03.657405+05:45,,,2026-09-17
94259,Landslide at Molung Rural Municipality-1,"[{'id': 1173, 'bbox': [86.43498058310864, 27.29580946231011, 86.4844930714219, 27.34125429273922], 'centroid': {'type': 'Point', 'coordinates': [86.45699531522045, 27.323369382770156]}, 'title': '1', 'municipality': 12006}]",2026-09-10T11:17:03.838754+05:45,2026-09-10T11:17:03.838762+05:45,"कोशी, ओखलढुङ्गा, मोलुङ-१ मा पहिरो",,,True,,True,,2026-09-09T00:00:00+05:45,2026-09-10T11:01:38+05:45,,,False,,,90243,drr_api,other,,17,,,Point,"[86.44629, 27.33592]",480001,0,0,0,0,0,0,0,0,0,0,0,0,0,0,0,0,0,0,0,0,0,0,0,0,0,0,0,0,0,0,0,0,0,0,2026-09-10T11:17:03.816795+05:45,2026-09-10T11:17:03.816803+05:45,,,2026-09-17
94263,"Landslide at Dudhkhola, Inaruwa Municipality-8","[{'id': 4734, 'bbox': [87.10905232776548, 26.61607891995843, 87.16998942122008, 26.66194624626002], 'centroid': {'type': 'Point', 'coordinates': [87.1317136854626, 26.63682811898139]}, 'title': '8', 'municipality': 6009}]",2026-09-10T11:33:04.137334+05:45,2026-09-10T11:33:04.137347+05:45,"कोशी, सुनसरी, इनरुवा-८ मा पहिरो",,,True,,True,,2026-09-09T00:00:00+05:45,2026-09-10T11:13:04+05:45,Dudhkhola,,False,,,90251,drr_api,other,,17,,,Point,"[87.12722, 26.64064]",480008,0,0,0,0,0,0,0,0,0,0,0,0,0,0,0,0,0,0,0,0,0,0,0,0,0,0,0,0,0,0,0,0,0,0,2026-09-10T11:33:04.090528+05:45,2026-09-10T11:33:04.090551+05:45,,,2026-09-17
94271,"Landslide at Ghattekhola , Jugal Rural Municipality-2","[{'id': 2899, 'bbox': [85.69277115075239, 27.85759222359209, 85.79686021919734, 28.04745457767539], 'centroid': {'type': 'Point', 'coordinates': [85.74788858652109, 27.92304375232483]}, 'title': '2', 'municipality': 23007}]",2026-09-10T16:01:04.259112+05:45,2026-09-10T16:01:04.259122+05:45,"बाग्मती, सिन्धुपाल्चोक, जुगल-२ मा पहिरो",,,True,,True,,2026-09-10T00:00:00+05:45,2026-09-10T15:43:38+05:45,Ghattekhola ,,False,,,90260,drr_api,other,,17,,,Point,"[85.75568, 27.90711]",480054,0,0,0,0,0,0,0,0,0,0,0,0,0,0,0,0,0,0,0,0,0,0,0,0,0,0,0,0,0,0,0,0,0,0,2026-09-10T16:01:04.236973+05:45,2026-09-10T16:01:04.236983+05:45,,,2026-09-17
94272,Landslide at Banphikot Rural Municipality-6,"[{'id': 1510, 'bbox': [82.42511762672808, 28.69332701786256, 82.46256073658755, 28.74604354131042], 'centroid': {'type': 'Point', 'coordinates': [82.44612856719381, 28.71816299586738]}, 'title': '6', 'municipality': 54002}]",2026-09-10T16:01:04.304644+05:45,2026-09-10T16:01:04.304655+05:45,"कर्णाली, रुकुम पश्चिम, बाँफिकोट-६ मा पहिरो",,,True,,True,,2026-09-09T00:00:00+05:45,2026-09-10T15:42:55+05:45,,,False,,,90259,drr_api,other,,17,,,Point,"[82.4604515634927, 28.7388378634818]",480055,0,0,0,0,0,0,0,0,0,0,0,0,0,0,0,0,0,0,0,0,0,0,0,0,0,0,0,0,0,0,0,0,0,0,2026-09-10T16:01:04.274103+05:45,2026-09-10T16:01:04.274112+05:45,,,2026-09-17
94273,Landslide at Bhaktapur Municipality-9,"[{'id': 2406, 'bbox': [85.43420691440576, 27.67261686055802, 85.4489199612113, 27.67756655631286], 'centroid': {'type': 'Point', 'coordinates': [85.44201613531644, 27.67476147252196]}, 'title': '9', 'municipality': 26001}]",2026-09-10T16:01:04.339243+05:45,2026-09-10T16:01:04.339254+05:45,"बाग्मती, भक्तपुर, भक्तपुर-९ मा पहिरो",,,True,,True,,2026-09-09T00:00:00+05:45,2026-09-10T15:39:23+05:45,,,False,,,90258,drr_api,other,,17,,,Point,"[85.44123, 27.67418]",480056,0,0,0,0,0,0,0,0,0,0,0,0,0,0,0,0,0,0,0,2,0,0,0,0,0,0,0,0,0,0,0,0,0,0,2026-09-10T16:01:04.319912+05:45,2026-09-10T16:01:04.319923+05:45,,20000.0,2026-09-17
94274,Landslide at Alital Rural Municipality-3,"[{'id': 6587, 'bbox': [80.42978266746778, 29.12482712483425, 80.53868024424379, 29.23661865153686], 'centroid': {'type': 'Point', 'coordinates': [80.47788656948356, 29.175760693633613]}, 'title': '3', 'municipality': 73002}]",2026-09-10T16:01:04.377156+05:45,2026-09-10T16:01:04.377166+05:45,"सुदुरपश्चिम, डडेल्धुरा, आलिताल-३ मा पहिरो",,,True,,True,,2026-09-08T00:00:00+05:45,2026-09-10T15:38:16+05:45,,,False,,,90257,drr_api,other,,17,,,Point,"[80.48616, 29.20864]",480057,0,0,0,0,0,0,0,0,0,0,0,0,0,0,0,0,0,0,0,1,0,0,0,0,0,1,0,0,0,0,0,0,0,0,2026-09-10T16:01:04.354253+05:45,2026-09-10T16:01:04.354260+05:45,,,2026-09-17
94286,"Landslide at Chatiban, Gokulganga Rural Municipality-4","[{'id': 5141, 'bbox': [86.14431563505474, 27.50900248089866, 86.21422496296239, 27.55083654596288], 'centroid': {'type': 'Point', 'coordinates': [86.17715613363217, 27.525813778433026]}, 'title': '4', 'municipality': 21002}]",2026-09-11T10:33:04.585795+05:45,2026-09-11T10:33:04.585805+05:45,"बाग्मती, रामेछाप, गोकुलगङ्गा-४ मा पहिरो",,,True,,True,,2026-09-10T00:00:00+05:45,2026-09-11T10:16:30+05:45,Chatiban,,False,,,90280,drr_api,other,,17,,,Point,"[86.18811, 27.53685]",480273,0,0,0,0,0,0,0,0,0,0,0,0,0,0,0,0,0,0,0,0,0,0,0,0,0,0,0,0,0,0,0,0,0,0,2026-09-11T10:33:04.564057+05:45,2026-09-11T10:33:04.564069+05:45,,,2026-09-17
94292,Landslide at Rautamai Rural Municipality-7,"[{'id': 2759, 'bbox': [86.60214311010587, 26.88376528500091, 86.67347334732945, 26.96737099997852], 'centroid': {'type': 'Point', 'coordinates': [86.65134052424591, 26.92556654561526]}, 'title': '7', 'municipality': 14004}]",2026-09-11T10:33:04.867837+05:45,2026-09-11T10:33:04.867846+05:45,"कोशी, उदयपुर, रौतामाई-७ मा पहिरो",,,True,,True,,2026-09-10T00:00:00+05:45,2026-09-11T10:09:46+05:45,,,False,,,90274,drr_api,other,,17,,,Point,"[86.66463, 26.93279]",480279,0,0,0,0,0,0,0,0,0,0,0,0,0,0,0,0,0,0,0,0,0,0,0,0,0,0,0,0,0,0,0,0,0,0,2026-09-11T10:33:04.841820+05:45,2026-09-11T10:33:04.841826+05:45,,,2026-09-17
94295,Landslide at Phidim Municipality-11,"[{'id': 1242, 'bbox': [87.76532587464484, 27.1282248088178, 87.83098636891278, 27.17332165601367], 'centroid': {'type': 'Point', 'coordinates': [87.79967054757172, 27.15090628594513]}, 'title': '11', 'municipality': 2006}]",2026-09-11T10:33:04.985631+05:45,2026-09-11T10:33:04.985640+05:45,"कोशी, पाँचथर, फिदिम-११ मा पहिरो",,,True,,True,,2026-09-10T00:00:00+05:45,2026-09-11T10:07:33+05:45,,,False,,,90271,drr_api,other,,17,,,Point,"[87.78498, 27.14773]",480282,0,0,0,0,0,0,0,0,0,0,0,0,0,0,0,0,0,0,0,1,0,0,0,1,1,0,0,0,0,0,0,0,0,0,2026-09-11T10:33:04.962877+05:45,2026-09-11T10:33:04.962884+05:45,,,2026-09-17
94297,"Landslide at Bagegaira, Nalgaad Municipality-12","[{'id': 656, 'bbox': [82.46232122695606, 28.86801297012133, 82.51610205302268, 28.93622898855321], 'centroid': {'type': 'Point', 'coordinates': [82.49095799185045, 28.89940673793055]}, 'title': '12', 'municipality': 61007}]",2026-09-11T10:45:04.572525+05:45,2026-09-11T10:45:04.572539+05:45,"कर्णाली, जाजरकोट, नलगाड-१२ मा पहिरो",,,True,,True,,2026-09-09T00:00:00+05:45,2026-09-11T10:26:15+05:45,Bagegaira,,False,,,90285,drr_api,other,,17,,,Point,"[82.49285008, 28.89929684]",480284,0,0,0,0,0,0,0,0,0,0,0,0,0,0,0,0,0,0,0,0,0,0,0,0,0,0,0,0,0,0,0,0,0,0,2026-09-11T10:45:04.517131+05:45,2026-09-11T10:45:04.517150+05:45,,,2026-09-17
94299,"Landslide at Dhansari, Inaruwa Municipality-8","[{'id': 4734, 'bbox': [87.10905232776548, 26.61607891995843, 87.16998942122008, 26.66194624626002], 'centroid': {'type': 'Point', 'coordinates': [87.1317136854626, 26.63682811898139]}, 'title': '8', 'municipality': 6009}]",2026-09-11T10:45:04.661035+05:45,2026-09-11T10:45:04.661048+05:45,"कोशी, सुनसरी, इनरुवा-८ मा पहिरो",,,True,,True,,2026-09-10T00:00:00+05:45,2026-09-11T10:24:01+05:45,Dhansari,,False,,,90283,drr_api,other,,17,,,Point,"[87.12722, 26.64064]",480289,0,0,0,0,0,0,0,0,0,0,0,0,0,0,0,0,0,0,0,0,0,0,0,0,0,0,0,0,0,0,0,0,0,0,2026-09-11T10:45:04.636914+05:45,2026-09-11T10:45:04.636923+05:45,,,2026-09-17
94301,"Landslide at Halle , Gokulganga Rural Municipality-4","[{'id': 5141, 'bbox': [86.14431563505474, 27.50900248089866, 86.21422496296239, 27.55083654596288], 'centroid': {'type': 'Point', 'coordinates': [86.17715613363217, 27.525813778433026]}, 'title': '4', 'municipality': 21002}]",2026-09-11T13:33:03.761065+05:45,2026-09-11T13:33:03.761077+05:45,"बाग्मती, रामेछाप, गोकुलगङ्गा-४ मा पहिरो",,,True,,True,,2026-09-11T00:00:00+05:45,2026-09-11T13:17:48+05:45,Halle ,,False,,,90287,drr_api,other,,17,,,Point,"[86.18811, 27.53685]",480321,0,0,0,0,0,0,0,0,0,0,0,0,0,0,0,0,0,0,0,0,0,0,0,0,0,0,0,0,0,0,0,0,0,0,2026-09-11T13:33:03.713632+05:45,2026-09-11T13:33:03.713649+05:45,,,2026-09-17
94304,"Landslide at Gagene, Pachaljharana Rural Municipality-3","[{'id': 829, 'bbox': [81.70255866427568, 29.17727991784538, 81.80798062653477, 29.25665096067063], 'centroid': {'type': 'Point', 'coordinates': [81.74744218320588, 29.220654101667954]}, 'title': '3', 'municipality': 64005}]",2026-09-12T10:01:04.645533+05:45,2026-09-12T10:01:04.645542+05:45,"कर्णाली, कालिकोट, पचालझरना-३ मा पहिरो",,,True,,True,,2026-09-11T00:00:00+05:45,2026-09-12T09:42:13+05:45,Gagene,,False,,,90296,drr_api,other,,17,,,Point,"[81.74506, 29.21559]",480339,0,0,0,0,0,0,0,0,0,0,0,0,0,0,0,0,0,0,0,0,0,0,0,0,0,0,0,0,0,0,0,0,0,0,2026-09-12T10:01:04.614484+05:45,2026-09-12T10:01:04.614493+05:45,,,2026-09-17
94306,Landslide at Bharatpur Metropolitan City-29,"[{'id': 2259, 'bbox': [84.42988955463088, 27.71140817375489, 84.52593657154354, 27.82442208084858], 'centroid': {'type': 'Point', 'coordinates': [84.48327380509743, 27.77945385797036]}, 'title': '29', 'municipality': 35001}]",2026-09-12T10:01:04.724025+05:45,2026-09-12T10:01:04.724033+05:45,"बाग्मती, चितवन, भरतपुर-२९ मा पहिरो",,,True,,True,,2026-09-11T00:00:00+05:45,2026-09-12T09:40:06+05:45,,,False,,,90294,drr_api,other,,17,,,Point,"[84.48542046, 27.77921008]",480341,0,0,0,0,0,0,0,0,0,0,0,0,0,0,0,0,0,0,0,0,0,0,0,0,0,0,0,0,0,0,0,0,0,0,2026-09-12T10:01:04.699234+05:45,2026-09-12T10:01:04.699241+05:45,,,2026-09-17
94311,Landslide at Rautamai Rural Municipality-7,"[{'id': 2759, 'bbox': [86.60214311010587, 26.88376528500091, 86.67347334732945, 26.96737099997852], 'centroid': {'type': 'Point', 'coordinates': [86.65134052424591, 26.92556654561526]}, 'title': '7', 'municipality': 14004}]",2026-09-12T10:01:04.935678+05:45,2026-09-12T10:01:04.935686+05:45,"कोशी, उदयपुर, रौतामाई-७ मा पहिरो",,,True,,True,,2026-09-11T00:00:00+05:45,2026-09-12T09:35:24+05:45,,,False,,,90289,drr_api,other,,17,,,Point,"[86.66463, 26.93279]",480346,0,0,0,0,0,0,0,0,0,0,0,0,0,0,0,0,0,0,0,1,0,0,0,1,1,0,0,0,0,0,0,0,0,0,2026-09-12T10:01:04.909630+05:45,2026-09-12T10:01:04.909637+05:45,,,2026-09-17
94315,"Landslide at Dudhkhola, Inaruwa Municipality-8","[{'id': 4734, 'bbox': [87.10905232776548, 26.61607891995843, 87.16998942122008, 26.66194624626002], 'centroid': {'type': 'Point', 'coordinates': [87.1317136854626, 26.63682811898139]}, 'title': '8', 'municipality': 6009}]",2026-09-12T10:45:04.088062+05:45,2026-09-12T10:45:04.088075+05:45,"कोशी, सुनसरी, इनरुवा-८ मा पहिरो",,,True,,True,,2026-09-11T00:00:00+05:45,2026-09-12T10:32:12+05:45,Dudhkhola,,False,,,90302,drr_api,other,,17,,,Point,"[87.12722, 26.64064]",480350,0,0,0,0,0,0,0,0,0,0,0,0,0,0,0,0,0,0,0,0,0,0,0,0,0,0,0,0,0,0,0,0,0,0,2026-09-12T10:45:04.063249+05:45,2026-09-12T10:45:04.063256+05:45,,,2026-09-17
94321,Landslide at Rolpa Municipality-10,"[{'id': 5206, 'bbox': [82.63861451153639, 28.31188034515621, 82.71498855398708, 28.43185746742108], 'centroid': {'type': 'Point', 'coordinates': [82.6765757006369, 28.376573391916143]}, 'title': '10', 'municipality': 53004}]",2026-09-12T16:17:03.771692+05:45,2026-09-12T16:17:03.771704+05:45,"लुम्बिनी, रोल्पा, रोल्पा-१० मा पहिरो",,,True,,True,,2026-09-11T00:00:00+05:45,2026-09-12T16:03:44+05:45,,,False,,,90320,drr_api,other,,17,,,Point,"[82.65523, 28.32432]",480356,0,0,0,0,0,0,0,0,0,0,0,0,0,0,0,0,0,0,0,0,0,0,0,0,0,0,0,0,0,0,0,0,0,0,2026-09-12T16:17:03.719617+05:45,2026-09-12T16:17:03.719636+05:45,,,2026-09-17
94326,Landslide at Khumbu Pasanglhamu Rural Municipality-3,"[{'id': 1730, 'bbox': [86.56391827723195, 27.67450778634889, 86.89989835413523, 27.81638911259845], 'centroid': {'type': 'Point', 'coordinates': [86.7429777027439, 27.75172784553774]}, 'title': '3', 'municipality': 11003}]",2026-09-12T16:17:03.998745+05:45,2026-09-12T16:17:03.998762+05:45,"कोशी, सोलुखुम्बु, खुम्वु पासाङल्हामु-३ मा पहिरो",,,True,,True,,2026-09-11T00:00:00+05:45,2026-09-12T15:59:38+05:45,,,False,,,90315,drr_api,other,,17,,,Point,"[86.68194, 27.72488]",480361,0,0,0,0,0,0,0,0,0,0,0,0,0,0,0,0,0,0,0,0,0,0,0,0,0,0,0,0,0,0,0,0,0,0,2026-09-12T16:17:03.972342+05:45,2026-09-12T16:17:03.972349+05:45,,,2026-09-17
94340,Landslide at Khumbu Pasanglhamu Rural Municipality-3,"[{'id': 1730, 'bbox': [86.56391827723195, 27.67450778634889, 86.89989835413523, 27.81638911259845], 'centroid': {'type': 'Point', 'coordinates': [86.7429777027439, 27.75172784553774]}, 'title': '3', 'municipality': 11003}]",2026-09-12T16:33:04.500278+05:45,2026-09-12T16:33:04.500287+05:45,"कोशी, सोलुखुम्बु, खुम्वु पासाङल्हामु-३ मा पहिरो",,,True,,True,,2026-09-11T00:00:00+05:45,2026-09-12T16:13:31+05:45,,,False,,,90330,drr_api,other,,17,,,Point,"[86.68194, 27.72488]",480375,0,0,0,0,0,0,0,0,0,0,0,0,0,0,0,0,0,0,0,0,0,0,0,0,0,0,0,0,0,0,0,0,0,0,2026-09-12T16:33:04.474929+05:45,2026-09-12T16:33:04.474937+05:45,,,2026-09-17
94341,"Landslide at Aakashebhanjyang , Phidim Municipality-11","[{'id': 1242, 'bbox': [87.76532587464484, 27.1282248088178, 87.83098636891278, 27.17332165601367], 'centroid': {'type': 'Point', 'coordinates': [87.79967054757172, 27.15090628594513]}, 'title': '11', 'municipality': 2006}]",2026-09-12T16:33:04.540797+05:45,2026-09-12T16:33:04.540806+05:45,"कोशी, पाँचथर, फिदिम-११ मा पहिरो",,,True,,True,,2026-09-10T00:00:00+05:45,2026-09-12T16:12:34+05:45,Aakashebhanjyang ,,False,,,90329,drr_api,other,,17,,,Point,"[87.78498, 27.14773]",480376,0,0,0,0,0,0,0,0,0,0,0,0,0,0,0,0,0,0,0,0,0,0,0,0,0,0,0,0,0,0,0,0,0,0,2026-09-12T16:33:04.516727+05:45,2026-09-12T16:33:04.516735+05:45,,,2026-09-17
94343,Landslide at Resunga Municipality-14,"[{'id': 3239, 'bbox': [83.2750765867576, 28.0768459602673, 83.32676701992544, 28.12053287068505], 'centroid': {'type': 'Point', 'coordinates': [83.3009881609309, 28.101713462199474]}, 'title': '14', 'municipality': 46010}]",2026-09-12T16:33:04.627161+05:45,2026-09-12T16:33:04.627171+05:45,"लुम्बिनी, गुल्मी, रेसुङ्गा-१४ मा पहिरो",,,True,,True,,2026-09-11T00:00:00+05:45,2026-09-12T16:11:07+05:45,,,False,,,90327,drr_api,other,,17,,,Point,"[83.31058, 28.09848]",480378,0,0,0,0,0,0,0,0,0,0,0,0,0,0,0,0,0,0,0,0,0,0,0,0,0,0,0,0,0,0,0,0,0,0,2026-09-12T16:33:04.600035+05:45,2026-09-12T16:33:04.600043+05:45,,,2026-09-17
94351,Landslide at Inaruwa Municipality-8,"[{'id': 4734, 'bbox': [87.10905232776548, 26.61607891995843, 87.16998942122008, 26.66194624626002], 'centroid': {'type': 'Point', 'coordinates': [87.1317136854626, 26.63682811898139]}, 'title': '8', 'municipality': 6009}]",2026-09-12T17:45:03.904817+05:45,2026-09-12T17:45:03.904828+05:45,"कोशी, सुनसरी, इनरुवा-८ मा पहिरो",,,True,,True,,2026-09-12T00:00:00+05:45,2026-09-12T16:37:38+05:45,,,False,,,90341,drr_api,other,,17,,,Point,"[87.12722, 26.64064]",480389,0,0,0,0,0,0,0,0,0,0,0,0,0,0,0,0,0,0,0,0,0,0,0,0,0,0,0,0,0,0,0,0,0,0,2026-09-12T17:45:03.879121+05:45,2026-09-12T17:45:03.879131+05:45,,,2026-09-17
94352,Landslide at Solududhkunda Municipality-6,"[{'id': 1724, 'bbox': [86.53785511516377, 27.46991748323573, 86.60769591119534, 27.49505086874908], 'centroid': {'type': 'Point', 'coordinates': [86.57376668369945, 27.48253743795096]}, 'title': '6', 'municipality': 11007}]",2026-09-12T17:45:03.944371+05:45,2026-09-12T17:45:03.944382+05:45,"कोशी, सोलुखुम्बु, सोलुदुधकुण्ड-६ मा पहिरो",,,True,,True,,2026-09-12T00:00:00+05:45,2026-09-12T16:36:18+05:45,,,False,,,90340,drr_api,other,,17,,,Point,"[86.57617706, 27.48223802]",480390,0,0,0,0,0,0,0,0,0,0,0,0,0,0,0,0,0,0,0,0,0,0,0,0,0,0,0,0,0,0,0,0,0,0,2026-09-12T17:45:03.920936+05:45,2026-09-12T17:45:03.920947+05:45,,,2026-09-17
94359,Landslide at Barahtal Rural Municipality-8,"[{'id': 2620, 'bbox': [81.45289761945138, 28.59842688603704, 81.56253372091385, 28.72631796477001], 'centroid': {'type': 'Point', 'coordinates': [81.51030653069022, 28.680430957031547]}, 'title': '8', 'municipality': 59001}]",2026-09-13T08:33:03.958926+05:45,2026-09-13T08:33:03.958938+05:45,"कर्णाली, सुर्खेत, बराहताल-८ मा पहिरो",,,True,,True,,2026-09-12T00:00:00+05:45,2026-09-13T08:20:52+05:45,,,False,,,90349,drr_api,other,,17,,,Point,"[81.50876, 28.65047]",480448,0,0,0,0,0,0,0,0,0,0,0,0,0,0,0,0,0,0,0,0,0,0,0,0,0,0,0,0,0,0,0,0,0,0,2026-09-13T08:33:03.922818+05:45,2026-09-13T08:33:03.922828+05:45,,,2026-09-17
94369,Landslide at Kamalamai Municipality-5,"[{'id': 2822, 'bbox': [85.85981501039416, 27.16413112925778, 85.92837919336661, 27.25554887001889], 'centroid': {'type': 'Point', 'coordinates': [85.89152481281836, 27.20924221296473]}, 'title': '5', 'municipality': 20005}]",2026-09-13T08:45:04.834410+05:45,2026-09-13T08:45:04.834421+05:45,"बाग्मती, सिन्धुली, कमलामार्इ-५ मा पहिरो",,,True,,True,,2026-09-12T00:00:00+05:45,2026-09-13T08:29:19+05:45,,,False,,,90357,drr_api,other,,17,,,Point,"[85.90753, 27.18536]",480459,0,0,0,0,0,0,0,0,0,0,0,0,0,0,0,0,0,0,0,0,0,0,0,0,0,0,0,0,0,0,0,0,0,0,2026-09-13T08:45:04.807590+05:45,2026-09-13T08:45:04.807598+05:45,,,2026-09-17
94373,Landslide at Suryagadhi Rural Municipality-4,"[{'id': 3655, 'bbox': [85.2144155982161, 27.91643261025398, 85.26486964924018, 27.95002710626517], 'centroid': {'type': 'Point', 'coordinates': [85.24002068671187, 27.932320355821325]}, 'title': '4', 'municipality': 28010}]",2026-09-13T08:45:05.020607+05:45,2026-09-13T08:45:05.020618+05:45,"बाग्मती, नुवाकोट, सूर्यगढी-४ मा पहिरो",,,True,,True,,2026-09-12T00:00:00+05:45,2026-09-13T08:25:59+05:45,,,False,,,90353,drr_api,other,,17,,,Point,"[85.24446, 27.92448]",480463,1,1,0,0,0,0,0,0,0,0,0,0,0,0,0,0,0,0,0,1,0,0,0,0,0,0,0,0,0,0,0,0,0,0,2026-09-13T08:45:04.998115+05:45,2026-09-13T08:45:04.998126+05:45,,,2026-09-17
94378,"Landslide at Aulise , Barahtal Rural Municipality-8","[{'id': 2620, 'bbox': [81.45289761945138, 28.59842688603704, 81.56253372091385, 28.72631796477001], 'centroid': {'type': 'Point', 'coordinates': [81.51030653069022, 28.680430957031547]}, 'title': '8', 'municipality': 59001}]",2026-09-14T11:17:03.879618+05:45,2026-09-14T11:17:03.879629+05:45,"कर्णाली, सुर्खेत, बराहताल-८ मा पहिरो",,,True,,True,,2026-09-14T00:00:00+05:45,2026-09-14T11:00:35+05:45,Aulise ,,False,,,90363,drr_api,other,,17,,,Point,"[81.50876, 28.65047]",480498,0,0,0,0,0,0,0,0,0,0,0,0,0,0,0,0,0,0,0,0,0,0,0,0,0,0,0,0,0,0,0,0,0,0,2026-09-14T11:17:03.845447+05:45,2026-09-14T11:17:03.845457+05:45,,,2026-09-17
94379,"Landslide at Ghattekhola , Jugal Rural Municipality-2","[{'id': 2899, 'bbox': [85.69277115075239, 27.85759222359209, 85.79686021919734, 28.04745457767539], 'centroid': {'type': 'Point', 'coordinates': [85.74788858652109, 27.92304375232483]}, 'title': '2', 'municipality': 23007}]",2026-09-14T11:17:03.917568+05:45,2026-09-14T11:17:03.917579+05:45,"बाग्मती, सिन्धुपाल्चोक, जुगल-२ मा पहिरो",,,True,,True,,2026-09-14T00:00:00+05:45,2026-09-14T10:50:46+05:45,Ghattekhola ,,False,,,90362,drr_api,other,,17,,,Point,"[85.75568, 27.90711]",480499,0,0,0,0,0,0,0,0,0,0,0,0,0,0,0,0,0,0,0,0,0,0,0,0,0,0,0,0,0,0,0,0,0,0,2026-09-14T11:17:03.896411+05:45,2026-09-14T11:17:03.896421+05:45,,,2026-09-17
94381,Landslide at Barhadashi Rural Municipality-7,"[{'id': 6321, 'bbox': [87.88715285434515, 26.5648483073923, 87.92742350908502, 26.60967011319498], 'centroid': {'type': 'Point', 'coordinates': [87.908594355964, 26.58923865870949]}, 'title': '7', 'municipality': 4002}]",2026-09-14T11:33:03.837853+05:45,2026-09-14T11:33:03.837862+05:45,"कोशी, झापा, बाह्रदशी-७ मा पहिरो",,,True,,True,,2026-09-12T00:00:00+05:45,2026-09-14T11:17:44+05:45,,,False,,,90374,drr_api,other,,17,,,Point,"[87.91446, 26.58323]",480501,0,0,0,0,0,0,0,0,0,0,0,0,0,0,0,0,0,0,0,1,0,0,0,0,0,1,0,0,0,0,0,0,0,0,2026-09-14T11:33:03.808863+05:45,2026-09-14T11:33:03.808872+05:45,,27000.0,2026-09-17
94382,Landslide at Ilam Municipality-12,"[{'id': 3346, 'bbox': [87.86322237564667, 26.87229974896065, 87.91259276349139, 26.92240265780627], 'centroid': {'type': 'Point', 'coordinates': [87.88722463311517, 26.89860417767104]}, 'title': '12', 'municipality': 3004}]",2026-09-14T11:33:03.882543+05:45,2026-09-14T11:33:03.882552+05:45,"कोशी, इलाम, इलाम-१२ मा पहिरो",,,True,,True,,2026-09-13T00:00:00+05:45,2026-09-14T11:15:39+05:45,,,False,,,90373,drr_api,other,,17,,,Point,"[87.89616, 26.88507]",480502,0,0,0,0,0,0,0,0,0,0,0,0,0,0,0,0,0,0,0,1,0,0,0,0,0,0,0,0,0,0,0,0,0,0,2026-09-14T11:33:03.856287+05:45,2026-09-14T11:33:03.856295+05:45,,,2026-09-17
94388,"Landslide at Nelbot , Pokhara Metropolitan City-25","[{'id': 3891, 'bbox': [83.87600820454453, 28.24710107987455, 83.96900172932229, 28.30152431517833], 'centroid': {'type': 'Point', 'coordinates': [83.92289717422891, 28.2774649650508]}, 'title': '25', 'municipality': 40004}]",2026-09-14T11:33:04.155899+05:45,2026-09-14T11:33:04.155906+05:45,"गण्डकी, कास्की, पोखरा-२५ मा पहिरो",,,True,,True,,2026-09-13T00:00:00+05:45,2026-09-14T11:09:34+05:45,Nelbot ,,False,,,90367,drr_api,other,,17,,,Point,"[83.92497561, 28.27727981]",480508,0,0,0,0,0,0,0,0,0,0,0,0,0,0,0,0,0,0,0,0,0,0,0,0,0,0,0,0,0,0,0,0,0,0,2026-09-14T11:33:04.122040+05:45,2026-09-14T11:33:04.122047+05:45,,,2026-09-17
94392,Landslide at Apihimal Rural Municipality-6,"[{'id': 439, 'bbox': [80.72150067553008, 29.77443100435173, 80.83223735802406, 29.92995107831543], 'centroid': {'type': 'Point', 'coordinates': [80.7726961759796, 29.846935859604955]}, 'title': '6', 'municipality': 75001}]",2026-09-14T12:01:05.090127+05:45,2026-09-14T12:01:05.090135+05:45,"सुदुरपश्चिम, दार्चुला, अपिहिमाल-६ मा पहिरो",,,True,,True,,2026-09-13T00:00:00+05:45,2026-09-14T11:28:50+05:45,,,False,,,90384,drr_api,other,,17,,,Point,"[80.73694, 29.92362]",480513,0,0,0,0,0,0,0,0,0,0,0,0,0,0,0,0,0,0,0,1,0,0,0,1,1,0,0,0,0,0,0,0,0,0,2026-09-14T12:01:05.064273+05:45,2026-09-14T12:01:05.064280+05:45,,,2026-09-17
94393,Landslide at Dharche Rural Municipality-5,"[{'id': 3363, 'bbox': [84.77574082473872, 28.16370382073421, 84.87698766588964, 28.34008661172662], 'centroid': {'type': 'Point', 'coordinates': [84.80557366982208, 28.251908499001544]}, 'title': '5', 'municipality': 36005}]",2026-09-14T12:01:05.142027+05:45,2026-09-14T12:01:05.142035+05:45,"गण्डकी, गोरखा, धार्चे-५ मा पहिरो",,,True,,True,,2026-09-13T00:00:00+05:45,2026-09-14T11:27:37+05:45,,,False,,,90383,drr_api,other,,17,,,Point,"[84.8101, 28.27345]",480514,0,0,0,0,0,0,0,0,0,0,0,0,0,0,0,0,0,0,0,0,0,0,0,0,0,0,0,0,0,0,0,0,0,0,2026-09-14T12:01:05.109007+05:45,2026-09-14T12:01:05.109015+05:45,,,2026-09-17
94396,"Landslide at Chankhu , Bigu Rural Municipality-1","[{'id': 572, 'bbox': [86.0792782162678, 27.81742183303057, 86.2999820554539, 28.17417556641991], 'centroid': {'type': 'Point', 'coordinates': [86.17999800168477, 27.985971462345358]}, 'title': '1', 'municipality': 22003}]",2026-09-14T12:01:05.267934+05:45,2026-09-14T12:01:05.267941+05:45,"बाग्मती, दोलखा, विगु-१ मा पहिरो",,,True,,True,,2026-09-13T00:00:00+05:45,2026-09-14T11:24:41+05:45,Chankhu ,,False,,,90380,drr_api,other,,17,,,Point,"[86.22218, 27.82349]",480517,0,0,0,0,0,0,0,0,0,0,0,0,1,0,0,0,1,0,0,1,0,0,0,0,0,0,0,0,0,0,0,0,0,0,2026-09-14T12:01:05.245370+05:45,2026-09-14T12:01:05.245377+05:45,,,2026-09-17
94399,"Landslide at Kasthali Laphra , Gokulganga Rural Municipality-4","[{'id': 5141, 'bbox': [86.14431563505474, 27.50900248089866, 86.21422496296239, 27.55083654596288], 'centroid': {'type': 'Point', 'coordinates': [86.17715613363217, 27.525813778433026]}, 'title': '4', 'municipality': 21002}]",2026-09-14T12:01:05.387958+05:45,2026-09-14T12:01:05.387965+05:45,"बाग्मती, रामेछाप, गोकुलगङ्गा-४ मा पहिरो",,,True,,True,,2026-09-13T00:00:00+05:45,2026-09-14T11:22:11+05:45,Kasthali Laphra ,,False,,,90377,drr_api,other,,17,,,Point,"[86.18811, 27.53685]",480520,0,0,0,0,0,0,0,0,0,0,0,0,0,0,0,0,0,0,0,1,0,0,1,0,0,0,0,0,0,0,0,0,0,0,2026-09-14T12:01:05.367787+05:45,2026-09-14T12:01:05.367794+05:45,,,2026-09-17
94402,Landslide at Rolpa Municipality-10,"[{'id': 5206, 'bbox': [82.63861451153639, 28.31188034515621, 82.71498855398708, 28.43185746742108], 'centroid': {'type': 'Point', 'coordinates': [82.6765757006369, 28.376573391916143]}, 'title': '10', 'municipality': 53004}]",2026-09-14T17:17:04.542898+05:45,2026-09-14T17:17:04.542911+05:45,"लुम्बिनी, रोल्पा, रोल्पा-१० मा पहिरो",,,True,,True,,2026-09-14T00:00:00+05:45,2026-09-14T17:03:54+05:45,,,False,,,90398,drr_api,other,,17,,,Point,"[82.65523, 28.32432]",480599,0,0,0,0,0,0,0,0,0,0,0,0,0,0,0,0,0,0,0,0,0,0,0,0,0,0,0,0,0,0,0,0,0,0,2026-09-14T17:17:04.510696+05:45,2026-09-14T17:17:04.510705+05:45,,,2026-09-17
94404,Landslide at Bhaktapur Municipality-9,"[{'id': 2406, 'bbox': [85.43420691440576, 27.67261686055802, 85.4489199612113, 27.67756655631286], 'centroid': {'type': 'Point', 'coordinates': [85.44201613531644, 27.67476147252196]}, 'title': '9', 'municipality': 26001}]",2026-09-14T17:17:04.636733+05:45,2026-09-14T17:17:04.636744+05:45,"बाग्मती, भक्तपुर, भक्तपुर-९ मा पहिरो",,,True,,True,,2026-09-14T00:00:00+05:45,2026-09-14T17:01:07+05:45,,,False,,,90396,drr_api,other,,17,,,Point,"[85.44123, 27.67418]",480601,0,0,0,0,0,0,0,0,0,0,0,0,0,0,0,0,0,0,0,1,0,0,0,0,0,1,0,0,0,0,0,0,0,0,2026-09-14T17:17:04.616971+05:45,2026-09-14T17:17:04.616982+05:45,,1360000.0,2026-09-17
94406,Landslide at Bhimphedi Rural Municipality-9,"[{'id': 2358, 'bbox': [84.98556463513981, 27.51419215486034, 85.09517113125146, 27.61225347080832], 'centroid': {'type': 'Point', 'coordinates': [85.03869226807366, 27.569895183056726]}, 'title': '9', 'municipality': 31003}]",2026-09-14T17:17:04.722217+05:45,2026-09-14T17:17:04.722225+05:45,"बाग्मती, मकवानपुर, भिमफेदी-९ मा पहिरो",,,True,,True,,2026-09-14T00:00:00+05:45,2026-09-14T16:57:40+05:45,,,False,,,90394,drr_api,other,,17,,,Point,"[85.04089663, 27.56962596]",480603,0,0,0,0,0,0,0,0,0,0,0,0,0,0,0,0,0,0,0,0,0,0,0,0,0,0,0,0,0,0,0,0,0,0,2026-09-14T17:17:04.699239+05:45,2026-09-14T17:17:04.699247+05:45,,,2026-09-17
94410,Landslide at Molung Rural Municipality-1,"[{'id': 1173, 'bbox': [86.43498058310864, 27.29580946231011, 86.4844930714219, 27.34125429273922], 'centroid': {'type': 'Point', 'coordinates': [86.45699531522045, 27.323369382770156]}, 'title': '1', 'municipality': 12006}]",2026-09-14T17:17:04.890571+05:45,2026-09-14T17:17:04.890579+05:45,"कोशी, ओखलढुङ्गा, मोलुङ-१ मा पहिरो",,,True,,True,,2026-09-14T00:00:00+05:45,2026-09-14T16:53:51+05:45,,,False,,,90390,drr_api,other,,17,,,Point,"[86.44629, 27.33592]",480607,0,0,0,0,0,0,0,0,0,0,0,0,0,0,0,0,0,0,0,1,0,0,0,0,0,0,0,0,0,0,0,0,0,0,2026-09-14T17:17:04.868132+05:45,2026-09-14T17:17:04.868140+05:45,,,2026-09-17
94413,"Landslide at Gagane Khola , Shubhakalika Rural Municipality-1","[{'id': 840, 'bbox': [81.56181513633994, 29.06285707402971, 81.58446407529837, 29.10803711390809], 'centroid': {'type': 'Point', 'coordinates': [81.57291011208649, 29.08623427700203]}, 'title': '1', 'municipality': 64001}]",2026-09-14T17:33:04.559372+05:45,2026-09-14T17:33:04.559386+05:45,"कर्णाली, कालिकोट, शुभ कालीका-१ मा पहिरो",,,True,,True,,2026-09-14T00:00:00+05:45,2026-09-14T17:19:01+05:45,Gagane Khola ,,False,,,90404,drr_api,other,,17,,,Point,"[81.5746824, 29.08615582]",480614,0,0,0,0,0,0,0,0,0,0,0,0,0,0,0,0,0,0,0,0,0,0,0,0,0,0,0,0,0,0,0,0,0,0,2026-09-14T17:33:04.508768+05:45,2026-09-14T17:33:04.508789+05:45,,,2026-09-17
94415,"Landslide at Aakashebhanjyang , Phidim Municipality-11","[{'id': 1242, 'bbox': [87.76532587464484, 27.1282248088178, 87.83098636891278, 27.17332165601367], 'centroid': {'type': 'Point', 'coordinates': [87.79967054757172, 27.15090628594513]}, 'title': '11', 'municipality': 2006}]",2026-09-14T17:33:04.652514+05:45,2026-09-14T17:33:04.652528+05:45,"कोशी, पाँचथर, फिदिम-११ मा पहिरो",,,True,,True,,2026-09-14T00:00:00+05:45,2026-09-14T17:17:10+05:45,Aakashebhanjyang ,,False,,,90402,drr_api,other,,17,,,Point,"[87.78498, 27.14773]",480616,0,0,0,0,0,0,0,0,0,0,0,0,0,0,0,0,0,0,0,0,0,0,0,0,0,0,0,0,0,0,0,0,0,0,2026-09-14T17:33:04.627443+05:45,2026-09-14T17:33:04.627451+05:45,,,2026-09-17
94416,Landslide at Tripurasundari Municipality-5,"[{'id': 5419, 'bbox': [82.61422627078434, 28.91346208890883, 82.69258673824291, 29.0324190538057], 'centroid': {'type': 'Point', 'coordinates': [82.65419553399295, 28.9815587668602]}, 'title': '5', 'municipality': 62008}]",2026-09-14T17:33:04.713150+05:45,2026-09-14T17:33:04.713164+05:45,"कर्णाली, डोल्पा, त्रिपुरासुन्दरी-५ मा पहिरो",,,True,,True,,2026-09-14T00:00:00+05:45,2026-09-14T17:10:57+05:45,,,False,,,90401,drr_api,other,,17,,,Point,"[82.65612021, 28.98145326]",480617,0,0,0,0,0,0,0,0,0,0,0,0,0,0,0,0,0,0,0,0,0,0,0,0,0,0,0,0,0,0,0,0,0,0,2026-09-14T17:33:04.674017+05:45,2026-09-14T17:33:04.674032+05:45,,,2026-09-17
94417,Landslide at Bhumikasthan Municipality-7,"[{'id': 42, 'bbox': [83.01225344475867, 27.93547382555577, 83.07912750132816, 27.98388952239893], 'centroid': {'type': 'Point', 'coordinates': [83.04434061490633, 27.95868158534333]}, 'title': '7', 'municipality': 51001}]",2026-09-14T17:33:04.759404+05:45,2026-09-14T17:33:04.759417+05:45,"लुम्बिनी, अर्घाखाॉची, भूमिकास्थान-७ मा पहिरो",,,True,,True,,2026-09-14T00:00:00+05:45,2026-09-14T17:06:29+05:45,,,False,,,90400,drr_api,other,,17,,,Point,"[83.04234, 27.94393]",480618,0,0,0,0,0,0,0,0,0,0,0,0,0,0,0,0,0,0,0,0,0,0,0,0,0,0,0,0,0,0,0,0,0,0,2026-09-14T17:33:04.731498+05:45,2026-09-14T17:33:04.731510+05:45,,,2026-09-17
94423,Landslide at Bhaktapur Municipality-9,"[{'id': 2406, 'bbox': [85.43420691440576, 27.67261686055802, 85.4489199612113, 27.67756655631286], 'centroid': {'type': 'Point', 'coordinates': [85.44201613531644, 27.67476147252196]}, 'title': '9', 'municipality': 26001}]",2026-09-15T10:33:04.957433+05:45,2026-09-15T10:33:04.957442+05:45,"बाग्मती, भक्तपुर, भक्तपुर-९ मा पहिरो",,,True,,True,,2026-09-14T00:00:00+05:45,2026-09-15T10:14:17+05:45,,,False,,,90420,drr_api,other,,17,,,Point,"[85.44123, 27.67418]",480872,0,0,0,0,0,0,0,0,0,0,0,0,0,0,0,0,0,0,0,0,0,0,0,0,0,0,0,0,0,0,0,0,0,0,2026-09-15T10:33:04.940019+05:45,2026-09-15T10:33:04.940027+05:45,,,2026-09-17
94443,"Landslide at Patalkhola, Parashuram Municipality-11","[{'id': 6613, 'bbox': [80.3908523624604, 29.00624786866176, 80.492003264422, 29.07568928352586], 'centroid': {'type': 'Point', 'coordinates': [80.44185624103363, 29.04385224317818]}, 'title': '11', 'municipality': 73007}]",2026-09-15T16:01:04.094188+05:45,2026-09-15T16:01:04.094196+05:45,"सुदुरपश्चिम, डडेल्धुरा, परशुराम-११ मा पहिरो",,,True,,True,,2026-09-12T00:00:00+05:45,2026-09-15T15:44:32+05:45,Patalkhola,,False,,,90431,drr_api,other,,17,,,Point,"[80.44347645, 29.04378638]",480929,0,0,0,0,0,0,0,0,0,0,0,0,0,0,0,0,0,0,0,0,0,0,0,0,0,0,0,0,0,0,0,0,0,0,2026-09-15T16:01:04.070969+05:45,2026-09-15T16:01:04.070977+05:45,,,2026-09-17
94445,"Landslide at Bastolagau, Bhaktapur Municipality-9","[{'id': 2406, 'bbox': [85.43420691440576, 27.67261686055802, 85.4489199612113, 27.67756655631286], 'centroid': {'type': 'Point', 'coordinates': [85.44201613531644, 27.67476147252196]}, 'title': '9', 'municipality': 26001}]",2026-09-15T16:01:04.175101+05:45,2026-09-15T16:01:04.175110+05:45,"बाग्मती, भक्तपुर, भक्तपुर-९ मा पहिरो",,,True,,True,,2026-09-15T00:00:00+05:45,2026-09-15T15:42:43+05:45,Bastolagau,,False,,,90429,drr_api,other,,17,,,Point,"[85.44123, 27.67418]",480931,0,0,0,0,0,0,0,0,0,0,0,0,0,0,0,0,0,0,0,0,0,0,0,0,0,0,0,0,0,0,0,0,0,0,2026-09-15T16:01:04.156825+05:45,2026-09-15T16:01:04.156832+05:45,,,2026-09-17
94449,Landslide at Dharche Rural Municipality-5,"[{'id': 3363, 'bbox': [84.77574082473872, 28.16370382073421, 84.87698766588964, 28.34008661172662], 'centroid': {'type': 'Point', 'coordinates': [84.80557366982208, 28.251908499001544]}, 'title': '5', 'municipality': 36005}]",2026-09-15T16:01:04.342882+05:45,2026-09-15T16:01:04.342890+05:45,"गण्डकी, गोरखा, धार्चे-५ मा पहिरो",,,True,,True,,2026-09-15T00:00:00+05:45,2026-09-15T15:38:39+05:45,,,False,,,90425,drr_api,other,,17,,,Point,"[84.8101, 28.27345]",480935,0,0,0,0,0,0,0,0,0,0,0,0,0,0,0,0,0,0,0,0,0,0,0,0,0,0,0,0,0,0,0,0,0,0,2026-09-15T16:01:04.310805+05:45,2026-09-15T16:01:04.310811+05:45,,,2026-09-17
94450,Landslide at Surnaya Rural Municipality-5,"[{'id': 64, 'bbox': [80.56295373681648, 29.48352758960053, 80.63783940294728, 29.55263875077424], 'centroid': {'type': 'Point', 'coordinates': [80.59956581027073, 29.515306750875478]}, 'title': '5', 'municipality': 74010}]",2026-09-15T16:17:04.528028+05:45,2026-09-15T16:17:04.528040+05:45,"सुदुरपश्चिम, बैतडी, सुर्नया-५ मा पहिरो",,,True,,True,,2026-09-15T00:00:00+05:45,2026-09-15T15:56:15+05:45,,,False,,,90441,drr_api,other,,17,,,Point,"[80.57647, 29.50844]",480937,0,0,0,0,0,0,0,0,0,0,0,0,0,0,0,0,0,0,0,0,0,0,0,0,0,0,0,0,0,0,0,0,0,0,2026-09-15T16:17:04.483150+05:45,2026-09-15T16:17:04.483168+05:45,,,2026-09-17
94451,"Landslide at Hurikot, Shey Phoksundo Rural Municipality-99","[{'id': 5439, 'bbox': [82.74488294577816, 29.03984124230045, 83.10481620768608, 29.36636903371163], 'centroid': {'type': 'Point', 'coordinates': [82.91529138240281, 29.200460696479354]}, 'title': '99', 'municipality': 62006}]",2026-09-15T16:17:04.598059+05:45,2026-09-15T16:17:04.598072+05:45,"कर्णाली, डोल्पा, शे फोक्सुण्डो-९९ मा पहिरो",,,True,,True,,2026-09-15T00:00:00+05:45,2026-09-15T15:54:40+05:45,Hurikot,,False,,,90440,drr_api,other,,17,,,Point,"[83.03833, 29.21277]",480938,0,0,0,0,0,0,0,0,0,0,0,0,0,0,0,0,0,0,0,0,0,0,0,0,0,0,0,0,0,0,0,0,0,0,2026-09-15T16:17:04.548387+05:45,2026-09-15T16:17:04.548398+05:45,,,2026-09-17
94453,Landslide at Narpa Bhoomi Rural Municipality-3,"[{'id': 1040, 'bbox': [84.02188726481198, 28.67682199791405, 84.24913767809474, 28.88897443460463], 'centroid': {'type': 'Point', 'coordinates': [84.12746892225789, 28.775870947026068]}, 'title': '3', 'municipality': 41002}]",2026-09-15T16:17:04.701589+05:45,2026-09-15T16:17:04.701600+05:45,"गण्डकी, मनाङ्ग, नार्पा भूमि-३ मा पहिरो",,,True,,True,,2026-09-15T00:00:00+05:45,2026-09-15T15:52:45+05:45,,,False,,,90437,drr_api,other,,17,,,Point,"[84.18079, 28.67916]",480940,0,0,0,0,0,0,0,0,0,0,0,0,0,0,0,0,0,0,0,0,0,0,0,0,0,0,0,0,0,0,0,0,0,0,2026-09-15T16:17:04.666682+05:45,2026-09-15T16:17:04.666692+05:45,,,2026-09-17
94458,Landslide at Mathagadhi Rural Municipality-1,"[{'id': 5692, 'bbox': [83.59887623312262, 27.81651720081126, 83.66574945952696, 27.87199622148387], 'centroid': {'type': 'Point', 'coordinates': [83.6352295519054, 27.838581031702713]}, 'title': '1', 'municipality': 47002}]",2026-09-16T10:33:03.948555+05:45,2026-09-16T10:33:03.948569+05:45,"लुम्बिनी, पाल्पा, माथागढी-१ मा पहिरो",,,True,,True,,2026-09-15T00:00:00+05:45,2026-09-16T10:13:57+05:45,,,False,,,90456,drr_api,other,,17,,,Point,"[83.63419, 27.82173]",481011,0,0,0,0,0,0,0,0,0,0,0,0,0,0,0,0,0,0,0,0,0,0,0,0,0,0,0,0,0,0,0,0,0,0,2026-09-16T10:33:03.919630+05:45,2026-09-16T10:33:03.919641+05:45,,,2026-09-17
94459,Landslide at Mathagadhi Rural Municipality-1,"[{'id': 5692, 'bbox': [83.59887623312262, 27.81651720081126, 83.66574945952696, 27.87199622148387], 'centroid': {'type': 'Point', 'coordinates': [83.6352295519054, 27.838581031702713]}, 'title': '1', 'municipality': 47002}]",2026-09-16T10:33:03.995351+05:45,2026-09-16T10:33:03.995364+05:45,"लुम्बिनी, पाल्पा, माथागढी-१ मा पहिरो",,,True,,True,,2026-09-15T00:00:00+05:45,2026-09-16T10:13:26+05:45,,,False,,,90455,drr_api,other,,17,,,Point,"[83.63419, 27.82173]",481012,0,0,0,0,0,0,0,0,0,0,0,0,2,0,2,0,0,0,0,2,0,0,0,0,0,0,0,0,0,0,0,0,0,0,2026-09-16T10:33:03.966604+05:45,2026-09-16T10:33:03.966619+05:45,,,2026-09-17
94462,"Landslide at Dobhan, Mathagadhi Rural Municipality-1","[{'id': 5692, 'bbox': [83.59887623312262, 27.81651720081126, 83.66574945952696, 27.87199622148387], 'centroid': {'type': 'Point', 'coordinates': [83.6352295519054, 27.838581031702713]}, 'title': '1', 'municipality': 47002}]",2026-09-16T10:33:04.133508+05:45,2026-09-16T10:33:04.133518+05:45,"लुम्बिनी, पाल्पा, माथागढी-१ मा पहिरो",,,True,,True,,2026-09-15T00:00:00+05:45,2026-09-16T10:10:01+05:45,Dobhan,,False,,,90452,drr_api,other,,17,,,Point,"[83.63419, 27.82173]",481015,0,0,0,0,0,0,0,0,0,0,0,0,0,0,0,0,0,0,0,0,0,0,0,0,0,0,0,0,0,0,0,0,0,0,2026-09-16T10:33:04.105019+05:45,2026-09-16T10:33:04.105028+05:45,,,2026-09-17
94471,"Landslide at Bhattadanda, Konjyosom Rural Municipality-4","[{'id': 2010, 'bbox': [85.31847231099738, 27.53847859557882, 85.36589926246116, 27.55891781512099], 'centroid': {'type': 'Point', 'coordinates': [85.34313296968769, 27.548357961042377]}, 'title': '4', 'municipality': 25003}]",2026-09-16T10:33:04.558062+05:45,2026-09-16T10:33:04.558071+05:45,"बाग्मती, ललितपुर, कोन्ज्योसोम-४ मा पहिरो",,,True,,True,,2026-09-16T00:00:00+05:45,2026-09-16T09:54:55+05:45,Bhattadanda,,False,,,90443,drr_api,other,,17,,,Point,"[85.33968, 27.54796]",481024,0,0,0,0,0,0,0,0,0,0,0,0,0,0,0,0,0,0,0,0,0,0,0,0,0,0,0,0,0,0,0,0,0,0,2026-09-16T10:33:04.537786+05:45,2026-09-16T10:33:04.537795+05:45,,,2026-09-17
94472,Landslide at Marsyangdi Rural Municipality-7,"[{'id': 983, 'bbox': [84.38844356227861, 28.28122196581163, 84.61669057089365, 28.47810652404396], 'centroid': {'type': 'Point', 'coordinates': [84.51408512246087, 28.374490694945]}, 'title': '7', 'municipality': 37006}]",2026-09-16T10:33:04.605305+05:45,2026-09-16T10:33:04.605315+05:45,"गण्डकी, लमजुङ्ग, मर्स्याङदी-७ मा पहिरो",,,True,,True,,2026-09-16T00:00:00+05:45,2026-09-16T09:54:21+05:45,,,False,,,90442,drr_api,other,,17,,,Point,"[84.43609, 28.28362]",481025,0,0,0,0,0,0,0,0,0,0,0,0,0,0,0,0,0,0,0,0,0,0,0,0,0,0,0,0,0,0,0,0,0,0,2026-09-16T10:33:04.574354+05:45,2026-09-16T10:33:04.574363+05:45,,,2026-09-17
94475,Landslide at Bigu Rural Municipality-1,"[{'id': 572, 'bbox': [86.0792782162678, 27.81742183303057, 86.2999820554539, 28.17417556641991], 'centroid': {'type': 'Point', 'coordinates': [86.17999800168477, 27.985971462345358]}, 'title': '1', 'municipality': 22003}]",2026-09-16T15:33:04.376121+05:45,2026-09-16T15:33:04.376137+05:45,"बाग्मती, दोलखा, विगु-१ मा पहिरो",,,True,,True,,2026-09-16T00:00:00+05:45,2026-09-16T15:16:17+05:45,,,False,,,90471,drr_api,other,,17,,,Point,"[86.22218, 27.82349]",481029,0,0,0,0,0,0,0,0,0,0,0,0,0,0,0,0,0,0,0,0,0,0,0,0,0,0,0,0,0,0,0,0,0,0,2026-09-16T15:33:04.328548+05:45,2026-09-16T15:33:04.328571+05:45,,,2026-09-17
94476,Landslide at Narpa Bhoomi Rural Municipality-3,"[{'id': 1040, 'bbox': [84.02188726481198, 28.67682199791405, 84.24913767809474, 28.88897443460463], 'centroid': {'type': 'Point', 'coordinates': [84.12746892225789, 28.775870947026068]}, 'title': '3', 'municipality': 41002}]",2026-09-16T15:33:04.437794+05:45,2026-09-16T15:33:04.437809+05:45,"गण्डकी, मनाङ्ग, नार्पा भूमि-३ मा पहिरो",,,True,,True,,2026-09-16T00:00:00+05:45,2026-09-16T15:15:39+05:45,,,False,,,90470,drr_api,other,,17,,,Point,"[84.18079, 28.67916]",481030,0,0,0,0,0,0,0,0,0,0,0,0,0,0,0,0,0,0,0,0,0,0,0,0,0,0,0,0,0,0,0,0,0,0,2026-09-16T15:33:04.401134+05:45,2026-09-16T15:33:04.401149+05:45,,,2026-09-17
94477,Landslide at Khandbari Municipality-7,"[{'id': 1660, 'bbox': [87.20220932459175, 27.36909376940081, 87.23760610515433, 27.40124225469122], 'centroid': {'type': 'Point', 'coordinates': [87.22162817201546, 27.384693194982397]}, 'title': '7', 'municipality': 9005}]",2026-09-16T15:33:04.485297+05:45,2026-09-16T15:33:04.485311+05:45,"कोशी, संखुवासभा, खाँदवारी-७ मा पहिरो",,,True,,True,,2026-09-16T00:00:00+05:45,2026-09-16T15:14:37+05:45,,,False,,,90469,drr_api,other,,17,,,Point,"[87.2156945863, 27.3868814825]",481031,0,0,0,0,0,0,0,0,0,0,0,0,0,0,0,0,0,0,0,1,0,0,3,0,0,0,0,0,0,0,0,0,0,0,2026-09-16T15:33:04.459036+05:45,2026-09-16T15:33:04.459050+05:45,,50000.0,2026-09-17
94478,Landslide at Bigu Rural Municipality-1,"[{'id': 572, 'bbox': [86.0792782162678, 27.81742183303057, 86.2999820554539, 28.17417556641991], 'centroid': {'type': 'Point', 'coordinates': [86.17999800168477, 27.985971462345358]}, 'title': '1', 'municipality': 22003}]",2026-09-16T15:33:04.529746+05:45,2026-09-16T15:33:04.529769+05:45,"बाग्मती, दोलखा, विगु-१ मा पहिरो",,,True,,True,,2026-09-16T00:00:00+05:45,2026-09-16T15:13:36+05:45,,,False,,,90468,drr_api,other,,17,,,Point,"[86.22218, 27.82349]",481032,0,0,0,0,0,0,0,0,0,0,0,0,0,0,0,0,0,0,0,0,0,0,0,0,0,0,0,0,0,0,0,0,0,0,2026-09-16T15:33:04.506362+05:45,2026-09-16T15:33:04.506371+05:45,,,2026-09-17
94483,Landslide at Pokhara Metropolitan City-33,"[{'id': 3921, 'bbox': [83.99886013365132, 28.07774099222126, 84.08898475760843, 28.16118269697713], 'centroid': {'type': 'Point', 'coordinates': [84.04586450503416, 28.11950631505901]}, 'title': '33', 'municipality': 40004}]",2026-09-16T15:33:04.811156+05:45,2026-09-16T15:33:04.811169+05:45,"गण्डकी, कास्की, पोखरा-३३ मा पहिरो",,,True,,True,,2026-09-16T00:00:00+05:45,2026-09-16T15:08:41+05:45,,,False,,,90463,drr_api,other,,17,,,Point,"[84.04795574, 28.11930319]",481037,0,0,0,0,0,0,0,0,0,0,0,0,0,0,0,0,0,0,0,2,0,0,0,0,0,1,0,0,0,0,0,0,0,0,2026-09-16T15:33:04.775139+05:45,2026-09-16T15:33:04.775155+05:45,,,2026-09-17
94499,"Landslide at Dharapani, Bharatpur Metropolitan City-14","[{'id': 2201, 'bbox': [84.34443666261798, 27.58478461082093, 84.38439919835278, 27.62742631892676], 'centroid': {'type': 'Point', 'coordinates': [84.36305249905435, 27.608499819077814]}, 'title': '14', 'municipality': 35001}]",2026-09-17T10:33:04.173871+05:45,2026-09-17T10:33:04.173880+05:45,"बाग्मती, चितवन, भरतपुर-१४ मा पहिरो",,,True,,True,,2026-09-16T00:00:00+05:45,2026-09-17T10:11:19+05:45,Dharapani,,False,,,90483,drr_api,other,,17,,,Point,"[84.36001, 27.61645]",481053,0,0,0,0,0,0,0,0,0,0,0,0,0,0,0,0,0,0,0,0,0,0,0,0,0,0,0,0,0,0,0,0,0,0,2026-09-17T10:33:04.150245+05:45,2026-09-17T10:33:04.150253+05:45,,,2026-09-17
94500,"Landslide at Jyamire, Netrawati Dabjong Rural Municipality-1","[{'id': 3169, 'bbox': [84.92008081618509, 28.00038688991405, 84.99090155856015, 28.03111331476659], 'centroid': {'type': 'Point', 'coordinates': [84.95780011123587, 28.015367956487673]}, 'title': '1', 'municipality': 30008}]",2026-09-17T10:33:04.211112+05:45,2026-09-17T10:33:04.211123+05:45,"बाग्मती, धादिङ्ग, नेत्रावती डबजोङ-१ मा पहिरो",,,True,,True,,2026-09-16T00:00:00+05:45,2026-09-17T10:10:32+05:45,Jyamire,,False,,,90482,drr_api,other,,17,,,Point,"[84.94688, 28.00638]",481054,0,0,0,0,0,0,0,0,0,0,0,0,0,0,0,0,0,0,0,0,0,0,0,0,0,0,0,0,0,0,0,0,0,0,2026-09-17T10:33:04.190234+05:45,2026-09-17T10:33:04.190244+05:45,,,2026-09-17
94505,Landslide at Khumbu Pasanglhamu Rural Municipality-3,"[{'id': 1730, 'bbox': [86.56391827723195, 27.67450778634889, 86.89989835413523, 27.81638911259845], 'centroid': {'type': 'Point', 'coordinates': [86.7429777027439, 27.75172784553774]}, 'title': '3', 'municipality': 11003}]",2026-09-17T10:45:05.242430+05:45,2026-09-17T10:45:05.242450+05:45,"कोशी, सोलुखुम्बु, खुम्वु पासाङल्हामु-३ मा पहिरो",,,True,,True,,2026-09-15T00:00:00+05:45,2026-09-17T10:22:25+05:45,,,False,,,90491,drr_api,other,,17,,,Point,"[86.68194, 27.72488]",481059,0,0,0,0,0,0,0,0,0,0,0,0,0,0,0,0,0,0,0,0,0,0,0,0,0,0,0,0,0,0,0,0,0,0,2026-09-17T10:45:05.201232+05:45,2026-09-17T10:45:05.201251+05:45,,,2026-09-17
93787,Heavy Rainfall at Chaurjahari Municipality-10,"[{'id': 1502, 'bbox': [82.24974338015895, 28.59291615646696, 82.29010265846934, 28.64002219199849], 'centroid': {'type': 'Point', 'coordinates': [82.26808669742145, 28.61338892667197]}, 'title': '10', 'municipality': 54003}]",2026-08-30T09:17:03.994545+05:45,2026-08-30T09:17:03.994556+05:45,"कर्णाली, रुकुम पश्चिम, चौरजहारी-१० मा भारीवर्षा",,,True,,True,,2026-08-28T00:00:00+05:45,2026-08-30T08:59:52+05:45,,,False,,,89758,drr_api,other,,14,,,Point,"[82.26994592, 28.61325722]",476907,0,0,0,0,0,0,0,0,0,0,0,0,0,0,0,0,0,0,0,1,0,0,0,1,1,0,0,0,0,0,0,0,0,0,2026-08-30T09:17:03.942048+05:45,2026-08-30T09:17:03.942065+05:45,,,2026-09-17
93817,Heavy Rainfall at Sharada Municipality-9,"[{'id': 1591, 'bbox': [82.04183370372994, 28.33689376936266, 82.10706920390882, 28.41133874426076], 'centroid': {'type': 'Point', 'coordinates': [82.07725721814062, 28.370918275798747]}, 'title': '9', 'municipality': 55009}]",2026-08-30T16:01:04.190038+05:45,2026-08-30T16:01:04.190049+05:45,"कर्णाली, सल्यान, शारदा-९ मा भारीवर्षा",,,True,,True,,2026-08-30T00:00:00+05:45,2026-08-30T15:31:36+05:45,,,False,,,89783,drr_api,other,,14,,,Point,"[82.09154, 28.4]",476972,0,0,0,0,0,0,0,0,0,0,0,0,0,0,0,0,0,0,0,1,0,0,0,1,1,0,0,0,0,0,0,0,0,0,2026-08-30T16:01:04.158221+05:45,2026-08-30T16:01:04.158231+05:45,,300000.0,2026-09-17
93820,Heavy Rainfall at Simta Rural Municipality-1,"[{'id': 2649, 'bbox': [81.8868921148425, 28.61034840652939, 82.04052564886615, 28.64527265785967], 'centroid': {'type': 'Point', 'coordinates': [81.95832792171035, 28.63029289237396]}, 'title': '1', 'municipality': 59009}]",2026-08-30T16:17:04.493978+05:45,2026-08-30T16:17:04.493989+05:45,"कर्णाली, सुर्खेत, सिम्ता-१ मा भारीवर्षा",,,True,,True,,2026-08-30T00:00:00+05:45,2026-08-30T16:01:58+05:45,,,False,,,89791,drr_api,other,,14,,,Point,"[81.96014231, 28.63017227]",476976,0,0,0,0,0,0,0,0,0,0,0,0,0,0,0,0,0,0,0,1,0,0,0,1,1,0,0,0,0,0,0,0,0,0,2026-08-30T16:17:04.460928+05:45,2026-08-30T16:17:04.460935+05:45,,,2026-09-17
93826,"Heavy Rainfall at Thulo Brahmapuri , Kalaiya Submetropolitan City-17","[{'id': 6643, 'bbox': [84.99002968718564, 27.04389525008141, 85.00661179279372, 27.06995012749281], 'centroid': {'type': 'Point', 'coordinates': [84.99927402925647, 27.057441010270942]}, 'title': '17', 'municipality': 33006}]",2026-08-30T16:45:04.835519+05:45,2026-08-30T16:45:04.835533+05:45,"मधेश, बारा, कलैया-१७ मा भारीवर्षा",,,True,,True,,2026-08-29T00:00:00+05:45,2026-08-30T16:25:19+05:45,Thulo Brahmapuri ,,False,,,89795,drr_api,other,,14,,,Point,"[85.00146845, 27.05712842]",476987,0,0,0,0,0,0,0,0,0,0,0,0,0,0,0,0,0,0,0,1,0,0,0,0,0,1,0,0,0,0,0,0,0,0,2026-08-30T16:45:04.808463+05:45,2026-08-30T16:45:04.808481+05:45,,,2026-09-17
93908,Heavy Rainfall at Gauriganga Municipality-9,"[{'id': 5399, 'bbox': [80.82804958992503, 28.70369485686928, 80.89714464510008, 28.7632190565252], 'centroid': {'type': 'Point', 'coordinates': [80.86345244174824, 28.73281967683241]}, 'title': '9', 'municipality': 71005}]",2026-09-01T17:01:04.355372+05:45,2026-09-01T17:01:04.355382+05:45,"सुदुरपश्चिम, कैलाली, गौरीगंगा-९ मा भारीवर्षा",,,True,,True,,2026-08-31T00:00:00+05:45,2026-09-01T16:48:47+05:45,,,False,,,89885,drr_api,other,,14,,,Point,"[80.89463, 28.74013]",477698,0,0,0,0,0,0,0,0,0,0,0,0,0,0,0,0,0,0,0,1,0,0,0,0,0,0,0,0,0,0,0,0,0,0,2026-09-01T17:01:04.313181+05:45,2026-09-01T17:01:04.313199+05:45,,,2026-09-17
93911,Heavy Rainfall at Alital Rural Municipality-3,"[{'id': 6587, 'bbox': [80.42978266746778, 29.12482712483425, 80.53868024424379, 29.23661865153686], 'centroid': {'type': 'Point', 'coordinates': [80.47788656948356, 29.175760693633613]}, 'title': '3', 'municipality': 73002}]",2026-09-01T17:01:04.484135+05:45,2026-09-01T17:01:04.484143+05:45,"सुदुरपश्चिम, डडेल्धुरा, आलिताल-३ मा भारीवर्षा",,,True,,True,,2026-09-01T00:00:00+05:45,2026-09-01T16:46:20+05:45,,,False,,,89882,drr_api,other,,14,,,Point,"[80.48616, 29.20864]",477701,0,0,0,0,0,0,0,0,0,0,0,0,0,0,0,0,0,0,0,0,0,0,0,0,0,0,0,0,0,0,0,0,0,0,2026-09-01T17:01:04.461726+05:45,2026-09-01T17:01:04.461734+05:45,,,2026-09-17
93914,Heavy Rainfall at Alital Rural Municipality-3,"[{'id': 6587, 'bbox': [80.42978266746778, 29.12482712483425, 80.53868024424379, 29.23661865153686], 'centroid': {'type': 'Point', 'coordinates': [80.47788656948356, 29.175760693633613]}, 'title': '3', 'municipality': 73002}]",2026-09-01T17:17:04.389036+05:45,2026-09-01T17:17:04.389047+05:45,"सुदुरपश्चिम, डडेल्धुरा, आलिताल-३ मा भारीवर्षा",,,True,,True,,2026-09-01T00:00:00+05:45,2026-09-01T16:55:18+05:45,,,False,,,89887,drr_api,other,,14,,,Point,"[80.48616, 29.20864]",477704,0,0,0,0,0,0,0,0,0,0,0,0,0,0,0,0,0,0,0,0,0,0,0,0,0,0,0,0,0,0,0,0,0,0,2026-09-01T17:17:04.344031+05:45,2026-09-01T17:17:04.344050+05:45,,,2026-09-17
93920,Heavy Rainfall at Kageshwori Manahora Municipality-9,"[{'id': 3837, 'bbox': [85.36459130813351, 27.68919261223834, 85.38676171510839, 27.70706524483966], 'centroid': {'type': 'Point', 'coordinates': [85.37430545465124, 27.698841983438815]}, 'title': '9', 'municipality': 27005}]",2026-09-02T09:17:04.365467+05:45,2026-09-02T09:17:04.365477+05:45,"बाग्मती, काठमाण्डौ, कागेश्वरी मनोहरा-९ मा भारीवर्षा",,,True,,True,,2026-09-01T00:00:00+05:45,2026-09-02T08:56:33+05:45,,,False,,,89891,drr_api,other,,14,,,Point,"[85.37856, 27.69912]",477710,0,0,0,0,0,0,0,0,0,0,0,0,0,0,0,0,0,0,0,1,0,0,0,0,0,0,0,0,0,0,0,0,0,0,2026-09-02T09:17:04.345953+05:45,2026-09-02T09:17:04.345960+05:45,,,2026-09-17
93932,Heavy Rainfall at Kageshwori Manahora Municipality-9,"[{'id': 3837, 'bbox': [85.36459130813351, 27.68919261223834, 85.38676171510839, 27.70706524483966], 'centroid': {'type': 'Point', 'coordinates': [85.37430545465124, 27.698841983438815]}, 'title': '9', 'municipality': 27005}]",2026-09-02T09:45:05.178846+05:45,2026-09-02T09:45:05.178860+05:45,"बाग्मती, काठमाण्डौ, कागेश्वरी मनोहरा-९ मा भारीवर्षा",,,True,,True,,2026-09-01T00:00:00+05:45,2026-09-02T09:21:02+05:45,,,False,,,89901,drr_api,other,,14,,,Point,"[85.37856, 27.69912]",477725,0,0,0,0,0,0,0,0,0,0,0,0,0,0,0,0,0,0,0,15,0,0,0,0,0,0,0,0,0,0,0,0,0,0,2026-09-02T09:45:05.156230+05:45,2026-09-02T09:45:05.156240+05:45,,,2026-09-17
93938,Heavy Rainfall at Shikhar Municipality-2,"[{'id': 636, 'bbox': [80.7768293785601, 29.15458592728694, 80.91028982614644, 29.24746268961328], 'centroid': {'type': 'Point', 'coordinates': [80.85332765464327, 29.191427908654234]}, 'title': '2', 'municipality': 70009}]",2026-09-02T10:01:04.603826+05:45,2026-09-02T10:01:04.603835+05:45,"सुदुरपश्चिम, डोटी, शिखर-२ मा भारीवर्षा",,,True,,True,,2026-09-01T00:00:00+05:45,2026-09-02T09:40:09+05:45,,,False,,,89909,drr_api,other,,14,,,Point,"[80.84086, 29.18116]",477731,0,0,0,0,0,0,0,0,0,0,0,0,0,0,0,0,0,0,0,1,0,0,0,0,0,0,0,0,0,0,0,0,0,0,2026-09-02T10:01:04.581659+05:45,2026-09-02T10:01:04.581667+05:45,,250000.0,2026-09-17
93960,Heavy Rainfall at Shikhar Municipality-2,"[{'id': 636, 'bbox': [80.7768293785601, 29.15458592728694, 80.91028982614644, 29.24746268961328], 'centroid': {'type': 'Point', 'coordinates': [80.85332765464327, 29.191427908654234]}, 'title': '2', 'municipality': 70009}]",2026-09-03T09:33:04.270460+05:45,2026-09-03T09:33:04.270470+05:45,"सुदुरपश्चिम, डोटी, शिखर-२ मा भारीवर्षा",,,True,,True,,2026-09-02T00:00:00+05:45,2026-09-03T09:05:46+05:45,,,False,,,89924,drr_api,other,,14,,,Point,"[80.84086, 29.18116]",477828,0,0,0,0,0,0,0,0,0,0,0,0,0,0,0,0,0,0,0,1,0,0,0,0,0,0,0,0,0,0,0,0,0,0,2026-09-03T09:33:04.247820+05:45,2026-09-03T09:33:04.247829+05:45,,50000.0,2026-09-17
93963,Heavy Rainfall at Gaumul Rural Municipality-1,"[{'id': 265, 'bbox': [81.4350775749793, 29.51163400320037, 81.57276609166672, 29.69247100517132], 'centroid': {'type': 'Point', 'coordinates': [81.50142523547558, 29.596317065253636]}, 'title': '1', 'municipality': 67005}]",2026-09-03T09:45:04.125910+05:45,2026-09-03T09:45:04.125921+05:45,"सुदुरपश्चिम, बाजुरा, गौमुल-१ मा भारीवर्षा",,,True,,True,,2026-09-02T00:00:00+05:45,2026-09-03T09:24:25+05:45,,,False,,,89937,drr_api,other,,14,,,Point,"[81.49045, 29.5579]",477831,0,0,0,0,0,0,0,0,0,0,0,0,0,0,0,0,0,0,0,1,0,0,2,0,0,0,0,0,0,0,0,0,0,0,2026-09-03T09:45:04.102355+05:45,2026-09-03T09:45:04.102365+05:45,,,2026-09-17
93989,Heavy Rainfall at Shey Phoksundo Rural Municipality-99,"[{'id': 5439, 'bbox': [82.74488294577816, 29.03984124230045, 83.10481620768608, 29.36636903371163], 'centroid': {'type': 'Point', 'coordinates': [82.91529138240281, 29.200460696479354]}, 'title': '99', 'municipality': 62006}]",2026-09-04T11:17:04.089651+05:45,2026-09-04T11:17:04.089660+05:45,"कर्णाली, डोल्पा, शे फोक्सुण्डो-९९ मा भारीवर्षा",,,True,,True,,2026-09-02T00:00:00+05:45,2026-09-04T11:02:11+05:45,,,False,,,89971,drr_api,other,,14,,,Point,"[83.03833, 29.21277]",477857,0,0,0,0,0,0,0,0,0,0,0,0,0,0,0,0,0,0,0,0,0,0,0,0,0,0,0,0,0,0,0,0,0,0,2026-09-04T11:17:04.043130+05:45,2026-09-04T11:17:04.043138+05:45,,,2026-09-17
93990,Heavy Rainfall at Alital Rural Municipality-3,"[{'id': 6587, 'bbox': [80.42978266746778, 29.12482712483425, 80.53868024424379, 29.23661865153686], 'centroid': {'type': 'Point', 'coordinates': [80.47788656948356, 29.175760693633613]}, 'title': '3', 'municipality': 73002}]",2026-09-04T11:17:04.132695+05:45,2026-09-04T11:17:04.132704+05:45,"सुदुरपश्चिम, डडेल्धुरा, आलिताल-३ मा भारीवर्षा",,,True,,True,,2026-09-01T00:00:00+05:45,2026-09-04T11:01:23+05:45,,,False,,,89970,drr_api,other,,14,,,Point,"[80.48616, 29.20864]",477858,0,0,0,0,0,0,0,0,0,0,0,0,0,0,0,0,0,0,0,1,0,0,0,1,1,0,0,0,0,0,0,0,0,0,2026-09-04T11:17:04.111200+05:45,2026-09-04T11:17:04.111210+05:45,,,2026-09-17
94013,Heavy Rainfall at Nawadurga Rural Municipality-5,"[{'id': 6600, 'bbox': [80.66878366891184, 29.3593432974978, 80.78586804550837, 29.42516423173878], 'centroid': {'type': 'Point', 'coordinates': [80.72690069386603, 29.397001778266024]}, 'title': '5', 'municipality': 73006}]",2026-09-04T11:33:05.200792+05:45,2026-09-04T11:33:05.200806+05:45,"सुदुरपश्चिम, डडेल्धुरा, नवदुर्गा-५ मा भारीवर्षा",,,True,,True,,2026-09-01T00:00:00+05:45,2026-09-04T11:09:12+05:45,,,False,,,89979,drr_api,other,,14,,,Point,"[80.72856921, 29.39696666]",477881,0,0,0,0,0,0,0,0,0,0,0,0,0,0,0,0,0,0,0,1,0,0,0,1,1,0,0,0,0,0,0,0,0,0,2026-09-04T11:33:05.177601+05:45,2026-09-04T11:33:05.177610+05:45,,150000.0,2026-09-17
94023,Heavy Rainfall at Surnaya Rural Municipality-5,"[{'id': 64, 'bbox': [80.56295373681648, 29.48352758960053, 80.63783940294728, 29.55263875077424], 'centroid': {'type': 'Point', 'coordinates': [80.59956581027073, 29.515306750875478]}, 'title': '5', 'municipality': 74010}]",2026-09-04T15:33:04.148623+05:45,2026-09-04T15:33:04.148634+05:45,"सुदुरपश्चिम, बैतडी, सुर्नया-५ मा भारीवर्षा",,,True,,True,,2026-09-03T00:00:00+05:45,2026-09-04T15:15:15+05:45,,,False,,,89993,drr_api,other,,14,,,Point,"[80.57647, 29.50844]",477913,0,0,0,0,0,0,0,0,0,0,0,0,0,0,0,0,0,0,0,1,0,0,3,0,0,0,0,0,0,0,0,0,0,0,2026-09-04T15:33:04.126913+05:45,2026-09-04T15:33:04.126922+05:45,,,2026-09-17
94041,"Heavy Rainfall at Simchaur, Bhume Rural Municipality-9","[{'id': 1432, 'bbox': [82.52905677699768, 28.50680538631729, 82.6210137626381, 28.5730457510947], 'centroid': {'type': 'Point', 'coordinates': [82.57409057455021, 28.54103334311535]}, 'title': '9', 'municipality': 77001}]",2026-09-05T16:45:04.917750+05:45,2026-09-05T16:45:04.917766+05:45,"लुम्बिनी, रुकुम पूर्व, भूमे-९ मा भारीवर्षा",,,True,,True,,2026-09-04T00:00:00+05:45,2026-09-05T16:24:07+05:45,Simchaur,,False,,,90014,drr_api,other,,14,,,Point,"[82.57599252, 28.54089117]",478068,0,0,0,0,0,0,0,0,0,0,0,0,0,0,0,0,0,0,0,1,0,0,0,0,0,1,0,0,0,0,0,0,0,0,2026-09-05T16:45:04.887420+05:45,2026-09-05T16:45:04.887436+05:45,,,2026-09-17
94042,Heavy Rainfall at Alital Rural Municipality-3,"[{'id': 6587, 'bbox': [80.42978266746778, 29.12482712483425, 80.53868024424379, 29.23661865153686], 'centroid': {'type': 'Point', 'coordinates': [80.47788656948356, 29.175760693633613]}, 'title': '3', 'municipality': 73002}]",2026-09-05T16:45:04.961901+05:45,2026-09-05T16:45:04.961915+05:45,"सुदुरपश्चिम, डडेल्धुरा, आलिताल-३ मा भारीवर्षा",,,True,,True,,2026-09-05T00:00:00+05:45,2026-09-05T16:22:52+05:45,,,False,,,90013,drr_api,other,,14,,,Point,"[80.48616, 29.20864]",478069,0,0,0,0,0,0,0,0,0,0,0,0,0,0,0,0,0,0,0,0,0,0,0,0,0,0,0,0,0,0,0,0,0,0,2026-09-05T16:45:04.937342+05:45,2026-09-05T16:45:04.937355+05:45,,,2026-09-17
94088,"Heavy Rainfall at Townplanning , Kathmandu Metropolitan City-32","[{'id': 3737, 'bbox': [85.33336040336128, 27.66797709796237, 85.37030222794527, 27.71073738450555], 'centroid': {'type': 'Point', 'coordinates': [85.36355756250704, 27.689369583900202]}, 'title': '32', 'municipality': 27006}]",2026-09-07T10:17:04.332900+05:45,2026-09-07T10:17:04.332909+05:45,"बाग्मती, काठमाण्डौ, काठमाडौँ-३२ मा भारीवर्षा",,,True,,True,,2026-09-06T00:00:00+05:45,2026-09-07T10:03:15+05:45,Townplanning ,,False,,,90068,drr_api,other,,14,,,Point,"[85.355644, 27.68337593]",478913,0,0,0,0,0,0,0,0,0,0,0,0,0,0,0,0,0,0,0,10,0,0,0,0,0,0,0,0,0,0,0,0,0,0,2026-09-07T10:17:04.312368+05:45,2026-09-07T10:17:04.312378+05:45,,,2026-09-17
94100,"Heavy Rainfall at Hikmatpur , Gauriganga Municipality-9","[{'id': 5399, 'bbox': [80.82804958992503, 28.70369485686928, 80.89714464510008, 28.7632190565252], 'centroid': {'type': 'Point', 'coordinates': [80.86345244174824, 28.73281967683241]}, 'title': '9', 'municipality': 71005}]",2026-09-07T10:33:04.130115+05:45,2026-09-07T10:33:04.130123+05:45,"सुदुरपश्चिम, कैलाली, गौरीगंगा-९ मा भारीवर्षा",,,True,,True,,2026-09-06T00:00:00+05:45,2026-09-07T10:14:29+05:45,Hikmatpur ,,False,,,90072,drr_api,other,,14,,,Point,"[80.89463, 28.74013]",478936,0,0,0,0,0,0,0,0,0,0,0,0,0,0,0,0,0,0,0,0,0,0,0,0,0,0,0,0,0,0,0,0,0,0,2026-09-07T10:33:04.107230+05:45,2026-09-07T10:33:04.107237+05:45,,,2026-09-17
94105,"Heavy Rainfall at Japhati , Alital Rural Municipality-3","[{'id': 6587, 'bbox': [80.42978266746778, 29.12482712483425, 80.53868024424379, 29.23661865153686], 'centroid': {'type': 'Point', 'coordinates': [80.47788656948356, 29.175760693633613]}, 'title': '3', 'municipality': 73002}]",2026-09-07T11:01:04.059209+05:45,2026-09-07T11:01:04.059217+05:45,"सुदुरपश्चिम, डडेल्धुरा, आलिताल-३ मा भारीवर्षा",,,True,,True,,2026-09-06T00:00:00+05:45,2026-09-07T10:44:58+05:45,Japhati ,,False,,,90095,drr_api,other,,14,,,Point,"[80.48616, 29.20864]",478941,0,0,0,0,0,0,0,0,0,0,0,0,0,0,0,0,0,0,0,1,0,0,0,0,0,0,0,0,0,0,0,0,0,0,2026-09-07T11:01:04.036432+05:45,2026-09-07T11:01:04.036441+05:45,,,2026-09-17
94110,Heavy Rainfall at Resunga Municipality-14,"[{'id': 3239, 'bbox': [83.2750765867576, 28.0768459602673, 83.32676701992544, 28.12053287068505], 'centroid': {'type': 'Point', 'coordinates': [83.3009881609309, 28.101713462199474]}, 'title': '14', 'municipality': 46010}]",2026-09-07T11:01:04.275017+05:45,2026-09-07T11:01:04.275025+05:45,"लुम्बिनी, गुल्मी, रेसुङ्गा-१४ मा भारीवर्षा",,,True,,True,,2026-09-06T00:00:00+05:45,2026-09-07T10:34:57+05:45,,,False,,,90090,drr_api,other,,14,,,Point,"[83.31058, 28.09848]",478946,0,0,0,0,0,0,0,0,0,0,0,0,0,0,0,0,0,0,0,1,0,0,0,1,1,0,0,0,0,0,0,0,0,0,2026-09-07T11:01:04.247295+05:45,2026-09-07T11:01:04.247303+05:45,,,2026-09-17
94114,Heavy Rainfall at Mahabu Rural Municipality-2,"[{'id': 1863, 'bbox': [81.6669422922144, 28.85294573519976, 81.69991179753748, 28.91271047780762], 'centroid': {'type': 'Point', 'coordinates': [81.68474868059174, 28.8825082581112]}, 'title': '2', 'municipality': 60008}]",2026-09-07T11:01:04.456673+05:45,2026-09-07T11:01:04.456682+05:45,"कर्णाली, दैलेख, महाबु-२ मा भारीवर्षा",,,True,,True,,2026-09-05T00:00:00+05:45,2026-09-07T10:31:02+05:45,,,False,,,90086,drr_api,other,,14,,,Point,"[81.67138, 28.88537]",478950,0,0,0,0,0,0,0,0,0,0,0,0,0,0,0,0,0,0,0,10,0,0,0,0,0,0,0,0,0,0,0,0,0,0,2026-09-07T11:01:04.426769+05:45,2026-09-07T11:01:04.426777+05:45,,,2026-09-17
94127,Heavy Rainfall at Shey Phoksundo Rural Municipality-99,"[{'id': 5439, 'bbox': [82.74488294577816, 29.03984124230045, 83.10481620768608, 29.36636903371163], 'centroid': {'type': 'Point', 'coordinates': [82.91529138240281, 29.200460696479354]}, 'title': '99', 'municipality': 62006}]",2026-09-07T11:17:04.493681+05:45,2026-09-07T11:17:04.493689+05:45,"कर्णाली, डोल्पा, शे फोक्सुण्डो-९९ मा भारीवर्षा",,,True,,True,,2026-09-05T00:00:00+05:45,2026-09-07T10:55:46+05:45,,,False,,,90102,drr_api,other,,14,,,Point,"[83.03833, 29.21277]",478976,0,0,0,0,0,0,0,0,0,0,0,0,0,0,0,0,0,0,0,1,0,0,0,0,0,0,0,0,0,0,0,0,0,0,2026-09-07T11:17:04.448226+05:45,2026-09-07T11:17:04.448234+05:45,,,2026-09-17
94159,"Heavy Rainfall at Thapathali, Alital Rural Municipality-3","[{'id': 6587, 'bbox': [80.42978266746778, 29.12482712483425, 80.53868024424379, 29.23661865153686], 'centroid': {'type': 'Point', 'coordinates': [80.47788656948356, 29.175760693633613]}, 'title': '3', 'municipality': 73002}]",2026-09-08T15:17:04.303320+05:45,2026-09-08T15:17:04.303331+05:45,"सुदुरपश्चिम, डडेल्धुरा, आलिताल-३ मा भारीवर्षा",,,True,,True,,2026-09-07T00:00:00+05:45,2026-09-08T15:05:11+05:45,Thapathali,,False,,,90148,drr_api,other,,14,,,Point,"[80.48616, 29.20864]",479680,0,0,0,0,0,0,0,0,0,0,0,0,0,0,0,0,0,0,0,0,0,0,0,0,0,0,0,0,0,0,0,0,0,0,2026-09-08T15:17:04.259392+05:45,2026-09-08T15:17:04.259408+05:45,,,2026-09-17
94163,"Heavy Rainfall at Bhaisari, Shuklaphanta National Park National Park-99","[{'id': 6266, 'bbox': [80.09747607509188, 28.73308797652964, 80.38474501573357, 29.05425422047017], 'centroid': {'type': 'Point', 'coordinates': [80.24078320523755, 28.866867820746602]}, 'title': '99', 'municipality': 72099}]",2026-09-08T15:17:04.488633+05:45,2026-09-08T15:17:04.488641+05:45,"सुदुरपश्चिम, कन्चनपुर, शुक्लाफाँटा राष्ट्रिय निकुन्ज-९९ मा भारीवर्षा",,,True,,True,,2026-09-07T00:00:00+05:45,2026-09-08T15:00:20+05:45,Bhaisari,,False,,,90144,drr_api,other,,14,,,Point,"[80.31147, 28.84298]",479684,0,0,0,0,0,0,0,0,0,0,0,0,0,0,0,0,0,0,0,1,0,0,0,0,0,0,0,0,0,0,0,0,0,0,2026-09-08T15:17:04.463032+05:45,2026-09-08T15:17:04.463041+05:45,,,2026-09-17
94164,Heavy Rainfall at Shuklaphanta National Park National Park-99,"[{'id': 6266, 'bbox': [80.09747607509188, 28.73308797652964, 80.38474501573357, 29.05425422047017], 'centroid': {'type': 'Point', 'coordinates': [80.24078320523755, 28.866867820746602]}, 'title': '99', 'municipality': 72099}]",2026-09-08T15:17:04.531461+05:45,2026-09-08T15:17:04.531469+05:45,"सुदुरपश्चिम, कन्चनपुर, शुक्लाफाँटा राष्ट्रिय निकुन्ज-९९ मा भारीवर्षा",,,True,,True,,2026-09-07T00:00:00+05:45,2026-09-08T14:58:53+05:45,,,False,,,90143,drr_api,other,,14,,,Point,"[80.31147, 28.84298]",479685,0,0,0,0,0,0,0,0,0,0,0,0,0,0,0,0,0,0,0,0,0,0,0,0,0,0,0,0,0,0,0,0,0,0,2026-09-08T15:17:04.507096+05:45,2026-09-08T15:17:04.507103+05:45,,,2026-09-17
94168,Heavy Rainfall at Hanumannagar Kankalini Municipality-7,"[{'id': 4400, 'bbox': [86.85743828912459, 26.51154434116043, 86.87823520252226, 26.52415635594792], 'centroid': {'type': 'Point', 'coordinates': [86.86803598541194, 26.517996931093574]}, 'title': '7', 'municipality': 15008}]",2026-09-08T15:17:04.692532+05:45,2026-09-08T15:17:04.692540+05:45,"मधेश, सप्तरी, हनुमाननगर कङ्‌कालिनी-७ मा भारीवर्षा",,,True,,True,,2026-09-06T00:00:00+05:45,2026-09-08T14:54:34+05:45,,,False,,,90139,drr_api,other,,14,,,Point,"[86.87046357, 26.51760647]",479689,0,0,0,0,0,0,0,0,0,0,0,0,0,0,0,0,0,0,0,0,0,0,0,0,0,0,0,0,0,0,0,0,0,0,2026-09-08T15:17:04.671708+05:45,2026-09-08T15:17:04.671716+05:45,,,2026-09-17
94174,"Heavy Rainfall at Pabitrabasti, Shuklaphanta National Park National Park-99","[{'id': 6266, 'bbox': [80.09747607509188, 28.73308797652964, 80.38474501573357, 29.05425422047017], 'centroid': {'type': 'Point', 'coordinates': [80.24078320523755, 28.866867820746602]}, 'title': '99', 'municipality': 72099}]",2026-09-08T15:33:04.717187+05:45,2026-09-08T15:33:04.717199+05:45,"सुदुरपश्चिम, कन्चनपुर, शुक्लाफाँटा राष्ट्रिय निकुन्ज-९९ मा भारीवर्षा",,,True,,True,,2026-09-07T00:00:00+05:45,2026-09-08T15:19:01+05:45,Pabitrabasti,,False,,,90152,drr_api,other,,14,,,Point,"[80.31147, 28.84298]",479695,0,0,0,0,0,0,0,0,0,0,0,0,0,0,0,0,0,0,0,1,0,0,0,0,0,1,0,0,0,0,0,0,0,0,2026-09-08T15:33:04.690706+05:45,2026-09-08T15:33:04.690718+05:45,,,2026-09-17
94177,"Heavy Rainfall at Dobhan, Phaktanglung Rural Municipality-6","[{'id': 1817, 'bbox': [87.71183495064477, 27.49151796370686, 88.20166777425233, 27.90595938122748], 'centroid': {'type': 'Point', 'coordinates': [87.99529468052154, 27.715981601173333]}, 'title': '6', 'municipality': 1005}]",2026-09-08T15:33:04.854212+05:45,2026-09-08T15:33:04.854223+05:45,"कोशी, ताप्लेजुङ्ग, फक्ताङलुङ-६ मा भारीवर्षा",,,True,,True,,2026-09-06T00:00:00+05:45,2026-09-08T15:05:59+05:45,Dobhan,,False,,,90149,drr_api,other,,14,,,Point,"[87.82613, 27.60988]",479698,0,0,0,0,0,0,0,0,0,0,0,0,0,0,0,0,0,0,0,0,0,0,0,0,0,0,0,0,0,0,0,0,0,0,2026-09-08T15:33:04.822077+05:45,2026-09-08T15:33:04.822086+05:45,,,2026-09-17
94202,"Heavy Rainfall at Nawagau, Bedkot Municipality-10","[{'id': 6241, 'bbox': [80.23999953053085, 28.90969861291218, 80.28524282694288, 28.95239318506671], 'centroid': {'type': 'Point', 'coordinates': [80.25763287354718, 28.93296398798022]}, 'title': '10', 'municipality': 72001}]",2026-09-09T12:17:03.952231+05:45,2026-09-09T12:17:03.952240+05:45,"सुदुरपश्चिम, कन्चनपुर, बेदकोट-१० मा भारीवर्षा",,,True,,True,,2026-09-08T00:00:00+05:45,2026-09-09T12:02:31+05:45,Nawagau,,False,,,90187,drr_api,other,,14,,,Point,"[80.25922364, 28.93288807]",479723,0,0,0,0,0,0,0,0,0,0,0,0,0,0,0,0,0,0,0,1,0,0,0,0,0,0,0,0,0,0,0,0,0,0,2026-09-09T12:17:03.931607+05:45,2026-09-09T12:17:03.931616+05:45,,,2026-09-17
94218,Heavy Rainfall at Alital Rural Municipality-3,"[{'id': 6587, 'bbox': [80.42978266746778, 29.12482712483425, 80.53868024424379, 29.23661865153686], 'centroid': {'type': 'Point', 'coordinates': [80.47788656948356, 29.175760693633613]}, 'title': '3', 'municipality': 73002}]",2026-09-09T12:33:03.860462+05:45,2026-09-09T12:33:03.860472+05:45,"सुदुरपश्चिम, डडेल्धुरा, आलिताल-३ मा भारीवर्षा",,,True,,True,,2026-09-01T00:00:00+05:45,2026-09-09T12:05:48+05:45,,,False,,,90191,drr_api,other,,14,,,Point,"[80.48616, 29.20864]",479739,0,0,0,0,0,0,0,0,0,0,0,0,0,0,0,0,0,0,0,1,0,0,0,0,0,0,0,0,0,0,0,0,0,0,2026-09-09T12:33:03.837811+05:45,2026-09-09T12:33:03.837820+05:45,,,2026-09-17
94231,Heavy Rainfall at Shuklaphanta National Park National Park-99,"[{'id': 6266, 'bbox': [80.09747607509188, 28.73308797652964, 80.38474501573357, 29.05425422047017], 'centroid': {'type': 'Point', 'coordinates': [80.24078320523755, 28.866867820746602]}, 'title': '99', 'municipality': 72099}]",2026-09-09T16:33:05.011699+05:45,2026-09-09T16:33:05.011710+05:45,"सुदुरपश्चिम, कन्चनपुर, शुक्लाफाँटा राष्ट्रिय निकुन्ज-९९ मा भारीवर्षा",,,True,,True,,2026-09-08T00:00:00+05:45,2026-09-09T16:18:51+05:45,,,False,,,90211,drr_api,other,,14,,,Point,"[80.31147, 28.84298]",479775,0,0,0,0,0,0,0,0,0,0,0,0,0,0,0,0,0,0,0,1,0,0,0,0,0,0,0,0,0,0,0,0,0,0,2026-09-09T16:33:04.963734+05:45,2026-09-09T16:33:04.963757+05:45,,,2026-09-17
94235,Heavy Rainfall at Naubahini Rural Municipality-5,"[{'id': 1360, 'bbox': [82.84838921015842, 28.20109222562833, 82.91611938598325, 28.27688016840143], 'centroid': {'type': 'Point', 'coordinates': [82.8786640425924, 28.23725437663602]}, 'title': '5', 'municipality': 52006}]",2026-09-09T17:01:04.677402+05:45,2026-09-09T17:01:04.677415+05:45,"लुम्बिनी, प्युठान, नौबहिनी-५ मा भारीवर्षा",,,True,,True,,2026-09-08T00:00:00+05:45,2026-09-09T16:48:33+05:45,,,False,,,90217,drr_api,other,,14,,,Point,"[82.88060034, 28.23707911]",479785,0,0,0,0,0,0,0,0,0,0,0,0,1,0,1,0,0,0,0,1,0,0,0,0,0,0,0,0,0,0,0,0,0,0,2026-09-09T17:01:04.649036+05:45,2026-09-09T17:01:04.649050+05:45,,,2026-09-17
94260,Heavy Rainfall at Alital Rural Municipality-3,"[{'id': 6587, 'bbox': [80.42978266746778, 29.12482712483425, 80.53868024424379, 29.23661865153686], 'centroid': {'type': 'Point', 'coordinates': [80.47788656948356, 29.175760693633613]}, 'title': '3', 'municipality': 73002}]",2026-09-10T11:17:03.875044+05:45,2026-09-10T11:17:03.875053+05:45,"सुदुरपश्चिम, डडेल्धुरा, आलिताल-३ मा भारीवर्षा",,,True,,True,,2026-09-09T00:00:00+05:45,2026-09-10T11:00:51+05:45,,,False,,,90242,drr_api,other,,14,,,Point,"[80.48616, 29.20864]",480002,0,0,0,0,0,0,0,0,0,0,0,0,0,0,0,0,0,0,0,1,0,0,0,1,1,0,0,0,0,0,0,0,0,0,2026-09-10T11:17:03.852461+05:45,2026-09-10T11:17:03.852469+05:45,,,2026-09-17
94267,Heavy Rainfall at Alital Rural Municipality-3,"[{'id': 6587, 'bbox': [80.42978266746778, 29.12482712483425, 80.53868024424379, 29.23661865153686], 'centroid': {'type': 'Point', 'coordinates': [80.47788656948356, 29.175760693633613]}, 'title': '3', 'municipality': 73002}]",2026-09-10T15:45:04.786417+05:45,2026-09-11T15:39:03.863888+05:45,"सुदुरपश्चिम, डडेल्धुरा, आलिताल-३ मा भारीवर्षा",,,True,,True,,2026-09-07T00:00:00+05:45,2026-09-10T15:30:02+05:45,,,False,,,90254,drr_api,other,,14,,,Point,"[80.48616, 29.20864]",480337,0,0,0,0,0,0,0,0,0,0,0,0,0,0,0,0,0,0,0,1,0,0,0,0,0,1,0,0,0,0,0,0,0,0,2026-09-11T15:39:03.845157+05:45,2026-09-11T15:39:03.845177+05:45,,,2026-09-17
94268,Heavy Rainfall at Alital Rural Municipality-3,"[{'id': 6587, 'bbox': [80.42978266746778, 29.12482712483425, 80.53868024424379, 29.23661865153686], 'centroid': {'type': 'Point', 'coordinates': [80.47788656948356, 29.175760693633613]}, 'title': '3', 'municipality': 73002}]",2026-09-10T15:45:04.834899+05:45,2026-09-10T15:45:04.834912+05:45,"सुदुरपश्चिम, डडेल्धुरा, आलिताल-३ मा भारीवर्षा",,,True,,True,,2026-09-10T00:00:00+05:45,2026-09-10T15:28:06+05:45,,,False,,,90253,drr_api,other,,14,,,Point,"[80.48616, 29.20864]",480051,0,0,0,0,0,0,0,0,0,0,0,0,0,0,0,0,0,0,0,1,0,0,0,0,0,1,0,0,0,0,0,0,0,0,2026-09-10T15:45:04.811026+05:45,2026-09-10T15:45:04.811039+05:45,,,2026-09-17
94269,Heavy Rainfall at Alital Rural Municipality-3,"[{'id': 6587, 'bbox': [80.42978266746778, 29.12482712483425, 80.53868024424379, 29.23661865153686], 'centroid': {'type': 'Point', 'coordinates': [80.47788656948356, 29.175760693633613]}, 'title': '3', 'municipality': 73002}]",2026-09-10T15:45:04.878922+05:45,2026-09-10T15:45:04.878937+05:45,"सुदुरपश्चिम, डडेल्धुरा, आलिताल-३ मा भारीवर्षा",,,True,,True,,2026-09-10T00:00:00+05:45,2026-09-10T15:26:24+05:45,,,False,,,90252,drr_api,other,,14,,,Point,"[80.48616, 29.20864]",480052,0,0,0,0,0,0,0,0,0,0,0,0,0,0,0,0,0,0,0,1,0,0,0,0,0,1,0,0,0,0,0,0,0,0,2026-09-10T15:45:04.855135+05:45,2026-09-10T15:45:04.855148+05:45,,,2026-09-17
94285,"Heavy Rainfall at Chisapani, Kageshwori Manahora Municipality-9","[{'id': 3837, 'bbox': [85.36459130813351, 27.68919261223834, 85.38676171510839, 27.70706524483966], 'centroid': {'type': 'Point', 'coordinates': [85.37430545465124, 27.698841983438815]}, 'title': '9', 'municipality': 27005}]",2026-09-11T10:33:04.546264+05:45,2026-09-11T10:33:04.546277+05:45,"बाग्मती, काठमाण्डौ, कागेश्वरी मनोहरा-९ मा भारीवर्षा",,,True,,True,,2026-09-10T00:00:00+05:45,2026-09-11T10:19:03+05:45,Chisapani,,False,,,90281,drr_api,other,,14,,,Point,"[85.37856, 27.69912]",480272,0,0,0,0,0,0,0,0,0,0,0,0,0,0,0,0,0,0,0,0,0,0,0,0,0,0,0,0,0,0,0,0,0,0,2026-09-11T10:33:04.505689+05:45,2026-09-11T10:33:04.505708+05:45,,,2026-09-17
94291,"Heavy Rainfall at Chisapani, Sharada Municipality-9","[{'id': 1591, 'bbox': [82.04183370372994, 28.33689376936266, 82.10706920390882, 28.41133874426076], 'centroid': {'type': 'Point', 'coordinates': [82.07725721814062, 28.370918275798747]}, 'title': '9', 'municipality': 55009}]",2026-09-11T10:33:04.826293+05:45,2026-09-11T10:33:04.826305+05:45,"कर्णाली, सल्यान, शारदा-९ मा भारीवर्षा",,,True,,True,,2026-09-10T00:00:00+05:45,2026-09-11T10:11:34+05:45,Chisapani,,False,,,90275,drr_api,other,,14,,,Point,"[82.09154, 28.4]",480278,0,0,0,0,0,0,0,0,0,0,0,0,0,0,0,0,0,0,0,8,0,0,0,0,0,0,0,0,0,0,0,0,0,0,2026-09-11T10:33:04.794004+05:45,2026-09-11T10:33:04.794011+05:45,,,2026-09-17
94318,Heavy Rainfall at Alital Rural Municipality-3,"[{'id': 6587, 'bbox': [80.42978266746778, 29.12482712483425, 80.53868024424379, 29.23661865153686], 'centroid': {'type': 'Point', 'coordinates': [80.47788656948356, 29.175760693633613]}, 'title': '3', 'municipality': 73002}]",2026-09-12T10:45:04.219490+05:45,2026-09-12T10:45:04.219499+05:45,"सुदुरपश्चिम, डडेल्धुरा, आलिताल-३ मा भारीवर्षा",,,True,,True,,2026-08-29T00:00:00+05:45,2026-09-12T10:28:45+05:45,,,False,,,90299,drr_api,other,,14,,,Point,"[80.48616, 29.20864]",480353,0,0,0,0,0,0,0,0,0,0,0,0,0,0,0,0,0,0,0,0,0,0,0,0,0,0,0,0,0,0,0,0,0,0,2026-09-12T10:45:04.196653+05:45,2026-09-12T10:45:04.196661+05:45,,,2026-09-17
94345,Heavy Rainfall at Phakphokthum Rural Municipality-3,"[{'id': 3344, 'bbox': [87.7001679985979, 26.94490619982076, 87.76085860171361, 26.98126358166671], 'centroid': {'type': 'Point', 'coordinates': [87.72993468811441, 26.962559256771378]}, 'title': '3', 'municipality': 3003}]",2026-09-12T16:33:04.707259+05:45,2026-09-12T16:33:04.707267+05:45,"कोशी, इलाम, फाकफोकथुम-३ मा भारीवर्षा",,,True,,True,,2026-09-10T00:00:00+05:45,2026-09-12T16:09:36+05:45,,,False,,,90325,drr_api,other,,14,,,Point,"[87.73248537, 26.96219276]",480380,0,0,0,0,0,0,0,0,0,0,0,0,0,0,0,0,0,0,0,1,0,0,0,0,0,1,0,0,0,0,0,0,0,0,2026-09-12T16:33:04.684032+05:45,2026-09-12T16:33:04.684039+05:45,,150000.0,2026-09-17
94349,Heavy Rainfall at Amargadhi Municipality-7,"[{'id': 6629, 'bbox': [80.59842176424434, 29.33760885012364, 80.63076851121532, 29.36755077390529], 'centroid': {'type': 'Point', 'coordinates': [80.61676915881796, 29.351690401683715]}, 'title': '7', 'municipality': 73003}]",2026-09-12T16:33:04.872172+05:45,2026-09-12T16:33:04.872185+05:45,"सुदुरपश्चिम, डडेल्धुरा, अमरगढी-७ मा भारीवर्षा",,,True,,True,,2026-09-11T00:00:00+05:45,2026-09-12T16:06:27+05:45,,,False,,,90321,drr_api,other,,14,,,Point,"[80.61841525, 29.35164959]",480384,0,0,0,0,0,0,0,0,0,0,0,0,0,0,0,0,0,0,0,1,0,0,0,0,0,1,0,0,0,0,0,0,0,0,2026-09-12T16:33:04.850238+05:45,2026-09-12T16:33:04.850244+05:45,,,2026-09-17
94363,"Heavy Rainfall at Bhangal, Kageshwori Manahora Municipality-9","[{'id': 3837, 'bbox': [85.36459130813351, 27.68919261223834, 85.38676171510839, 27.70706524483966], 'centroid': {'type': 'Point', 'coordinates': [85.37430545465124, 27.698841983438815]}, 'title': '9', 'municipality': 27005}]",2026-09-13T08:33:04.119684+05:45,2026-09-13T08:33:04.119694+05:45,"बाग्मती, काठमाण्डौ, कागेश्वरी मनोहरा-९ मा भारीवर्षा",,,True,,True,,2026-09-12T00:00:00+05:45,2026-09-13T08:15:04+05:45,Bhangal,,False,,,90344,drr_api,other,,14,,,Point,"[85.37856, 27.69912]",480452,0,0,0,0,0,0,0,0,0,0,0,0,0,0,0,0,0,0,0,0,0,0,0,0,0,0,0,0,0,0,0,0,0,0,2026-09-13T08:33:04.098491+05:45,2026-09-13T08:33:04.098498+05:45,,,2026-09-17
94380,Heavy Rainfall at Rautamai Rural Municipality-7,"[{'id': 2759, 'bbox': [86.60214311010587, 26.88376528500091, 86.67347334732945, 26.96737099997852], 'centroid': {'type': 'Point', 'coordinates': [86.65134052424591, 26.92556654561526]}, 'title': '7', 'municipality': 14004}]",2026-09-14T11:33:03.785447+05:45,2026-09-14T11:33:03.785459+05:45,"कोशी, उदयपुर, रौतामाई-७ मा भारीवर्षा",,,True,,True,,2026-09-12T00:00:00+05:45,2026-09-14T11:17:49+05:45,,,False,,,90375,drr_api,other,,14,,,Point,"[86.66463, 26.93279]",480500,0,0,0,0,0,0,0,0,0,0,0,0,0,0,0,0,0,0,0,1,0,0,0,1,1,0,0,0,0,0,0,0,0,0,2026-09-14T11:33:03.738347+05:45,2026-09-14T11:33:03.738364+05:45,,,2026-09-17
94422,"Heavy Rainfall at Dibyashwori, Bhaktapur Municipality-9","[{'id': 2406, 'bbox': [85.43420691440576, 27.67261686055802, 85.4489199612113, 27.67756655631286], 'centroid': {'type': 'Point', 'coordinates': [85.44201613531644, 27.67476147252196]}, 'title': '9', 'municipality': 26001}]",2026-09-15T10:33:04.925427+05:45,2026-09-15T10:33:04.925437+05:45,"बाग्मती, भक्तपुर, भक्तपुर-९ मा भारीवर्षा",,,True,,True,,2026-09-14T00:00:00+05:45,2026-09-15T10:16:00+05:45,Dibyashwori,,False,,,90421,drr_api,other,,14,,,Point,"[85.44123, 27.67418]",480871,0,0,0,0,0,0,0,0,0,0,0,0,0,0,0,0,0,0,0,1,0,0,0,0,0,0,0,0,0,0,0,0,0,0,2026-09-15T10:33:04.907836+05:45,2026-09-15T10:33:04.907845+05:45,,80000.0,2026-09-17
94441,"Heavy Rainfall at Khar, Apihimal Rural Municipality-6","[{'id': 439, 'bbox': [80.72150067553008, 29.77443100435173, 80.83223735802406, 29.92995107831543], 'centroid': {'type': 'Point', 'coordinates': [80.7726961759796, 29.846935859604955]}, 'title': '6', 'municipality': 75001}]",2026-09-15T16:01:04.004570+05:45,2026-09-15T16:01:04.004577+05:45,"सुदुरपश्चिम, दार्चुला, अपिहिमाल-६ मा भारीवर्षा",,,True,,True,,2026-09-14T00:00:00+05:45,2026-09-15T15:46:07+05:45,Khar,,False,,,90433,drr_api,other,,14,,,Point,"[80.73694, 29.92362]",480927,0,0,0,0,0,0,0,0,0,0,0,0,0,0,0,0,0,0,0,1,0,0,3,0,0,0,0,0,0,0,0,0,0,0,2026-09-15T16:01:03.979141+05:45,2026-09-15T16:01:03.979149+05:45,,,2026-09-17
94479,"Heavy Rainfall at Milanchoke, Simkot Rural Municipality-3","[{'id': 5125, 'bbox': [81.8457409816449, 29.94237040135646, 81.92143068222894, 30.07094362993361], 'centroid': {'type': 'Point', 'coordinates': [81.88562500818351, 30.01150546194404]}, 'title': '3', 'municipality': 66006}]",2026-09-16T15:33:04.589827+05:45,2026-09-16T15:33:04.589840+05:45,"कर्णाली, हुम्ला, सिमकोट-३ मा भारीवर्षा",,,True,,True,,2026-09-16T00:00:00+05:45,2026-09-16T15:13:06+05:45,Milanchoke,,False,,,90467,drr_api,other,,14,,,Point,"[81.88546, 30.02618]",481033,0,0,0,0,0,0,0,0,0,0,0,0,0,0,0,0,0,0,0,0,0,0,0,0,0,0,0,0,0,0,0,0,0,0,2026-09-16T15:33:04.548064+05:45,2026-09-16T15:33:04.548077+05:45,,,2026-09-17
94481,"Heavy Rainfall at Basantapur, Kalaiya Submetropolitan City-20","[{'id': 6781, 'bbox': [84.96962336458353, 26.93707374044218, 85.00078580195952, 26.97068994907215], 'centroid': {'type': 'Point', 'coordinates': [84.98666744399262, 26.954763293224026]}, 'title': '20', 'municipality': 33006}]",2026-09-16T15:33:04.700282+05:45,2026-09-16T15:33:04.700295+05:45,"मधेश, बारा, कलैया-२० मा भारीवर्षा",,,True,,True,,2026-09-16T00:00:00+05:45,2026-09-16T15:11:12+05:45,Basantapur,,False,,,90465,drr_api,other,,14,,,Point,"[84.98885789, 26.95444165]",481035,0,0,0,0,0,0,0,0,0,0,0,0,0,0,0,0,0,0,0,1,0,0,0,1,1,0,0,0,0,0,0,0,0,0,2026-09-16T15:33:04.675155+05:45,2026-09-16T15:33:04.675169+05:45,,150000.0,2026-09-17
